ISO-10303-21;
HEADER;
/* Generated by software containing ST-Developer
 * from STEP Tools, Inc. (www.steptools.com) 
 */

FILE_DESCRIPTION(
/* description */ (''),
/* implementation_level */ '2;1');

FILE_NAME(
/* name */ 'exercise 9.step',
/* time_stamp */ '2026-10-06T22:10:19+05:30',
/* author */ (''),
/* organization */ (''),
/* preprocessor_version */ 'ST-DEVELOPER v20.2',
/* originating_system */ 'Autodesk Translation Framework v15.15.0.0',
/* authorisation */ '');

FILE_SCHEMA (('AUTOMOTIVE_DESIGN { 1 0 10303 214 3 1 1 }'));
ENDSEC;

DATA;
#10=MECHANICAL_DESIGN_GEOMETRIC_PRESENTATION_REPRESENTATION('',(#13),#2234);
#11=SHAPE_REPRESENTATION_RELATIONSHIP('SRR','None',#2241,#12);
#12=ADVANCED_BREP_SHAPE_REPRESENTATION('',(#14),#2233);
#13=STYLED_ITEM('',(#2250),#14);
#14=MANIFOLD_SOLID_BREP('Body1',#1358);
#15=FACE_BOUND('',#200,.T.);
#16=FACE_BOUND('',#202,.T.);
#17=PLANE('',#1375);
#18=PLANE('',#1379);
#19=PLANE('',#1380);
#20=PLANE('',#1381);
#21=PLANE('',#1385);
#22=PLANE('',#1386);
#23=PLANE('',#1387);
#24=PLANE('',#1391);
#25=PLANE('',#1392);
#26=PLANE('',#1393);
#27=PLANE('',#1397);
#28=PLANE('',#1398);
#29=PLANE('',#1399);
#30=PLANE('',#1403);
#31=PLANE('',#1404);
#32=PLANE('',#1405);
#33=PLANE('',#1409);
#34=PLANE('',#1410);
#35=PLANE('',#1411);
#36=PLANE('',#1415);
#37=PLANE('',#1416);
#38=PLANE('',#1417);
#39=PLANE('',#1421);
#40=PLANE('',#1422);
#41=PLANE('',#1423);
#42=PLANE('',#1427);
#43=PLANE('',#1428);
#44=PLANE('',#1429);
#45=PLANE('',#1433);
#46=PLANE('',#1434);
#47=PLANE('',#1435);
#48=PLANE('',#1439);
#49=PLANE('',#1440);
#50=PLANE('',#1441);
#51=PLANE('',#1445);
#52=PLANE('',#1446);
#53=PLANE('',#1447);
#54=PLANE('',#1451);
#55=PLANE('',#1452);
#56=PLANE('',#1453);
#57=PLANE('',#1457);
#58=PLANE('',#1458);
#59=PLANE('',#1459);
#60=PLANE('',#1463);
#61=PLANE('',#1464);
#62=PLANE('',#1465);
#63=PLANE('',#1469);
#64=PLANE('',#1470);
#65=PLANE('',#1471);
#66=PLANE('',#1472);
#67=FACE_OUTER_BOUND('',#134,.T.);
#68=FACE_OUTER_BOUND('',#135,.T.);
#69=FACE_OUTER_BOUND('',#136,.T.);
#70=FACE_OUTER_BOUND('',#137,.T.);
#71=FACE_OUTER_BOUND('',#138,.T.);
#72=FACE_OUTER_BOUND('',#139,.T.);
#73=FACE_OUTER_BOUND('',#140,.T.);
#74=FACE_OUTER_BOUND('',#141,.T.);
#75=FACE_OUTER_BOUND('',#142,.T.);
#76=FACE_OUTER_BOUND('',#143,.T.);
#77=FACE_OUTER_BOUND('',#144,.T.);
#78=FACE_OUTER_BOUND('',#145,.T.);
#79=FACE_OUTER_BOUND('',#146,.T.);
#80=FACE_OUTER_BOUND('',#147,.T.);
#81=FACE_OUTER_BOUND('',#148,.T.);
#82=FACE_OUTER_BOUND('',#149,.T.);
#83=FACE_OUTER_BOUND('',#150,.T.);
#84=FACE_OUTER_BOUND('',#151,.T.);
#85=FACE_OUTER_BOUND('',#152,.T.);
#86=FACE_OUTER_BOUND('',#153,.T.);
#87=FACE_OUTER_BOUND('',#154,.T.);
#88=FACE_OUTER_BOUND('',#155,.T.);
#89=FACE_OUTER_BOUND('',#156,.T.);
#90=FACE_OUTER_BOUND('',#157,.T.);
#91=FACE_OUTER_BOUND('',#158,.T.);
#92=FACE_OUTER_BOUND('',#159,.T.);
#93=FACE_OUTER_BOUND('',#160,.T.);
#94=FACE_OUTER_BOUND('',#161,.T.);
#95=FACE_OUTER_BOUND('',#162,.T.);
#96=FACE_OUTER_BOUND('',#163,.T.);
#97=FACE_OUTER_BOUND('',#164,.T.);
#98=FACE_OUTER_BOUND('',#165,.T.);
#99=FACE_OUTER_BOUND('',#166,.T.);
#100=FACE_OUTER_BOUND('',#167,.T.);
#101=FACE_OUTER_BOUND('',#168,.T.);
#102=FACE_OUTER_BOUND('',#169,.T.);
#103=FACE_OUTER_BOUND('',#170,.T.);
#104=FACE_OUTER_BOUND('',#171,.T.);
#105=FACE_OUTER_BOUND('',#172,.T.);
#106=FACE_OUTER_BOUND('',#173,.T.);
#107=FACE_OUTER_BOUND('',#174,.T.);
#108=FACE_OUTER_BOUND('',#175,.T.);
#109=FACE_OUTER_BOUND('',#176,.T.);
#110=FACE_OUTER_BOUND('',#177,.T.);
#111=FACE_OUTER_BOUND('',#178,.T.);
#112=FACE_OUTER_BOUND('',#179,.T.);
#113=FACE_OUTER_BOUND('',#180,.T.);
#114=FACE_OUTER_BOUND('',#181,.T.);
#115=FACE_OUTER_BOUND('',#182,.T.);
#116=FACE_OUTER_BOUND('',#183,.T.);
#117=FACE_OUTER_BOUND('',#184,.T.);
#118=FACE_OUTER_BOUND('',#185,.T.);
#119=FACE_OUTER_BOUND('',#186,.T.);
#120=FACE_OUTER_BOUND('',#187,.T.);
#121=FACE_OUTER_BOUND('',#188,.T.);
#122=FACE_OUTER_BOUND('',#189,.T.);
#123=FACE_OUTER_BOUND('',#190,.T.);
#124=FACE_OUTER_BOUND('',#191,.T.);
#125=FACE_OUTER_BOUND('',#192,.T.);
#126=FACE_OUTER_BOUND('',#193,.T.);
#127=FACE_OUTER_BOUND('',#194,.T.);
#128=FACE_OUTER_BOUND('',#195,.T.);
#129=FACE_OUTER_BOUND('',#196,.T.);
#130=FACE_OUTER_BOUND('',#197,.T.);
#131=FACE_OUTER_BOUND('',#198,.T.);
#132=FACE_OUTER_BOUND('',#199,.T.);
#133=FACE_OUTER_BOUND('',#201,.T.);
#134=EDGE_LOOP('',(#884,#885,#886,#887));
#135=EDGE_LOOP('',(#888,#889,#890,#891));
#136=EDGE_LOOP('',(#892,#893,#894,#895));
#137=EDGE_LOOP('',(#896,#897,#898,#899));
#138=EDGE_LOOP('',(#900,#901,#902,#903));
#139=EDGE_LOOP('',(#904,#905,#906,#907));
#140=EDGE_LOOP('',(#908,#909,#910,#911));
#141=EDGE_LOOP('',(#912,#913,#914,#915));
#142=EDGE_LOOP('',(#916,#917,#918,#919));
#143=EDGE_LOOP('',(#920,#921,#922,#923));
#144=EDGE_LOOP('',(#924,#925,#926,#927));
#145=EDGE_LOOP('',(#928,#929,#930,#931));
#146=EDGE_LOOP('',(#932,#933,#934,#935));
#147=EDGE_LOOP('',(#936,#937,#938,#939));
#148=EDGE_LOOP('',(#940,#941,#942,#943));
#149=EDGE_LOOP('',(#944,#945,#946,#947));
#150=EDGE_LOOP('',(#948,#949,#950,#951));
#151=EDGE_LOOP('',(#952,#953,#954,#955));
#152=EDGE_LOOP('',(#956,#957,#958,#959));
#153=EDGE_LOOP('',(#960,#961,#962,#963));
#154=EDGE_LOOP('',(#964,#965,#966,#967));
#155=EDGE_LOOP('',(#968,#969,#970,#971));
#156=EDGE_LOOP('',(#972,#973,#974,#975));
#157=EDGE_LOOP('',(#976,#977,#978,#979));
#158=EDGE_LOOP('',(#980,#981,#982,#983));
#159=EDGE_LOOP('',(#984,#985,#986,#987));
#160=EDGE_LOOP('',(#988,#989,#990,#991));
#161=EDGE_LOOP('',(#992,#993,#994,#995));
#162=EDGE_LOOP('',(#996,#997,#998,#999));
#163=EDGE_LOOP('',(#1000,#1001,#1002,#1003));
#164=EDGE_LOOP('',(#1004,#1005,#1006,#1007));
#165=EDGE_LOOP('',(#1008,#1009,#1010,#1011));
#166=EDGE_LOOP('',(#1012,#1013,#1014,#1015));
#167=EDGE_LOOP('',(#1016,#1017,#1018,#1019));
#168=EDGE_LOOP('',(#1020,#1021,#1022,#1023));
#169=EDGE_LOOP('',(#1024,#1025,#1026,#1027));
#170=EDGE_LOOP('',(#1028,#1029,#1030,#1031));
#171=EDGE_LOOP('',(#1032,#1033,#1034,#1035));
#172=EDGE_LOOP('',(#1036,#1037,#1038,#1039));
#173=EDGE_LOOP('',(#1040,#1041,#1042,#1043));
#174=EDGE_LOOP('',(#1044,#1045,#1046,#1047));
#175=EDGE_LOOP('',(#1048,#1049,#1050,#1051));
#176=EDGE_LOOP('',(#1052,#1053,#1054,#1055));
#177=EDGE_LOOP('',(#1056,#1057,#1058,#1059));
#178=EDGE_LOOP('',(#1060,#1061,#1062,#1063));
#179=EDGE_LOOP('',(#1064,#1065,#1066,#1067));
#180=EDGE_LOOP('',(#1068,#1069,#1070,#1071));
#181=EDGE_LOOP('',(#1072,#1073,#1074,#1075));
#182=EDGE_LOOP('',(#1076,#1077,#1078,#1079));
#183=EDGE_LOOP('',(#1080,#1081,#1082,#1083));
#184=EDGE_LOOP('',(#1084,#1085,#1086,#1087));
#185=EDGE_LOOP('',(#1088,#1089,#1090,#1091));
#186=EDGE_LOOP('',(#1092,#1093,#1094,#1095));
#187=EDGE_LOOP('',(#1096,#1097,#1098,#1099));
#188=EDGE_LOOP('',(#1100,#1101,#1102,#1103));
#189=EDGE_LOOP('',(#1104,#1105,#1106,#1107));
#190=EDGE_LOOP('',(#1108,#1109,#1110,#1111));
#191=EDGE_LOOP('',(#1112,#1113,#1114,#1115));
#192=EDGE_LOOP('',(#1116,#1117,#1118,#1119));
#193=EDGE_LOOP('',(#1120,#1121,#1122,#1123));
#194=EDGE_LOOP('',(#1124,#1125,#1126,#1127));
#195=EDGE_LOOP('',(#1128,#1129,#1130,#1131));
#196=EDGE_LOOP('',(#1132,#1133,#1134,#1135));
#197=EDGE_LOOP('',(#1136,#1137,#1138,#1139));
#198=EDGE_LOOP('',(#1140,#1141,#1142,#1143));
#199=EDGE_LOOP('',(#1144,#1145,#1146,#1147,#1148,#1149,#1150,#1151,#1152,
#1153,#1154,#1155,#1156,#1157,#1158,#1159,#1160,#1161,#1162,#1163,#1164,
#1165,#1166,#1167,#1168,#1169,#1170,#1171,#1172,#1173,#1174,#1175,#1176,
#1177,#1178,#1179,#1180,#1181,#1182,#1183,#1184,#1185,#1186,#1187,#1188,
#1189,#1190,#1191,#1192,#1193,#1194,#1195,#1196,#1197,#1198,#1199,#1200,
#1201,#1202,#1203,#1204,#1205,#1206,#1207));
#200=EDGE_LOOP('',(#1208));
#201=EDGE_LOOP('',(#1209,#1210,#1211,#1212,#1213,#1214,#1215,#1216,#1217,
#1218,#1219,#1220,#1221,#1222,#1223,#1224,#1225,#1226,#1227,#1228,#1229,
#1230,#1231,#1232,#1233,#1234,#1235,#1236,#1237,#1238,#1239,#1240,#1241,
#1242,#1243,#1244,#1245,#1246,#1247,#1248,#1249,#1250,#1251,#1252,#1253,
#1254,#1255,#1256,#1257,#1258,#1259,#1260,#1261,#1262,#1263,#1264,#1265,
#1266,#1267,#1268,#1269,#1270,#1271,#1272));
#202=EDGE_LOOP('',(#1273));
#203=LINE('',#1843,#364);
#204=LINE('',#1848,#365);
#205=LINE('',#1850,#366);
#206=LINE('',#1852,#367);
#207=LINE('',#1853,#368);
#208=LINE('',#1859,#369);
#209=LINE('',#1862,#370);
#210=LINE('',#1864,#371);
#211=LINE('',#1865,#372);
#212=LINE('',#1868,#373);
#213=LINE('',#1870,#374);
#214=LINE('',#1871,#375);
#215=LINE('',#1874,#376);
#216=LINE('',#1876,#377);
#217=LINE('',#1877,#378);
#218=LINE('',#1883,#379);
#219=LINE('',#1886,#380);
#220=LINE('',#1888,#381);
#221=LINE('',#1889,#382);
#222=LINE('',#1892,#383);
#223=LINE('',#1894,#384);
#224=LINE('',#1895,#385);
#225=LINE('',#1898,#386);
#226=LINE('',#1900,#387);
#227=LINE('',#1901,#388);
#228=LINE('',#1907,#389);
#229=LINE('',#1910,#390);
#230=LINE('',#1912,#391);
#231=LINE('',#1913,#392);
#232=LINE('',#1916,#393);
#233=LINE('',#1918,#394);
#234=LINE('',#1919,#395);
#235=LINE('',#1922,#396);
#236=LINE('',#1924,#397);
#237=LINE('',#1925,#398);
#238=LINE('',#1931,#399);
#239=LINE('',#1934,#400);
#240=LINE('',#1936,#401);
#241=LINE('',#1937,#402);
#242=LINE('',#1940,#403);
#243=LINE('',#1942,#404);
#244=LINE('',#1943,#405);
#245=LINE('',#1946,#406);
#246=LINE('',#1948,#407);
#247=LINE('',#1949,#408);
#248=LINE('',#1955,#409);
#249=LINE('',#1958,#410);
#250=LINE('',#1960,#411);
#251=LINE('',#1961,#412);
#252=LINE('',#1964,#413);
#253=LINE('',#1966,#414);
#254=LINE('',#1967,#415);
#255=LINE('',#1970,#416);
#256=LINE('',#1972,#417);
#257=LINE('',#1973,#418);
#258=LINE('',#1979,#419);
#259=LINE('',#1982,#420);
#260=LINE('',#1984,#421);
#261=LINE('',#1985,#422);
#262=LINE('',#1988,#423);
#263=LINE('',#1990,#424);
#264=LINE('',#1991,#425);
#265=LINE('',#1994,#426);
#266=LINE('',#1996,#427);
#267=LINE('',#1997,#428);
#268=LINE('',#2003,#429);
#269=LINE('',#2006,#430);
#270=LINE('',#2008,#431);
#271=LINE('',#2009,#432);
#272=LINE('',#2012,#433);
#273=LINE('',#2014,#434);
#274=LINE('',#2015,#435);
#275=LINE('',#2018,#436);
#276=LINE('',#2020,#437);
#277=LINE('',#2021,#438);
#278=LINE('',#2027,#439);
#279=LINE('',#2030,#440);
#280=LINE('',#2032,#441);
#281=LINE('',#2033,#442);
#282=LINE('',#2036,#443);
#283=LINE('',#2038,#444);
#284=LINE('',#2039,#445);
#285=LINE('',#2042,#446);
#286=LINE('',#2044,#447);
#287=LINE('',#2045,#448);
#288=LINE('',#2051,#449);
#289=LINE('',#2054,#450);
#290=LINE('',#2056,#451);
#291=LINE('',#2057,#452);
#292=LINE('',#2060,#453);
#293=LINE('',#2062,#454);
#294=LINE('',#2063,#455);
#295=LINE('',#2066,#456);
#296=LINE('',#2068,#457);
#297=LINE('',#2069,#458);
#298=LINE('',#2075,#459);
#299=LINE('',#2078,#460);
#300=LINE('',#2080,#461);
#301=LINE('',#2081,#462);
#302=LINE('',#2084,#463);
#303=LINE('',#2086,#464);
#304=LINE('',#2087,#465);
#305=LINE('',#2090,#466);
#306=LINE('',#2092,#467);
#307=LINE('',#2093,#468);
#308=LINE('',#2099,#469);
#309=LINE('',#2102,#470);
#310=LINE('',#2104,#471);
#311=LINE('',#2105,#472);
#312=LINE('',#2108,#473);
#313=LINE('',#2110,#474);
#314=LINE('',#2111,#475);
#315=LINE('',#2114,#476);
#316=LINE('',#2116,#477);
#317=LINE('',#2117,#478);
#318=LINE('',#2123,#479);
#319=LINE('',#2126,#480);
#320=LINE('',#2128,#481);
#321=LINE('',#2129,#482);
#322=LINE('',#2132,#483);
#323=LINE('',#2134,#484);
#324=LINE('',#2135,#485);
#325=LINE('',#2138,#486);
#326=LINE('',#2140,#487);
#327=LINE('',#2141,#488);
#328=LINE('',#2147,#489);
#329=LINE('',#2150,#490);
#330=LINE('',#2152,#491);
#331=LINE('',#2153,#492);
#332=LINE('',#2156,#493);
#333=LINE('',#2158,#494);
#334=LINE('',#2159,#495);
#335=LINE('',#2162,#496);
#336=LINE('',#2164,#497);
#337=LINE('',#2165,#498);
#338=LINE('',#2171,#499);
#339=LINE('',#2174,#500);
#340=LINE('',#2176,#501);
#341=LINE('',#2177,#502);
#342=LINE('',#2180,#503);
#343=LINE('',#2182,#504);
#344=LINE('',#2183,#505);
#345=LINE('',#2186,#506);
#346=LINE('',#2188,#507);
#347=LINE('',#2189,#508);
#348=LINE('',#2195,#509);
#349=LINE('',#2198,#510);
#350=LINE('',#2200,#511);
#351=LINE('',#2201,#512);
#352=LINE('',#2204,#513);
#353=LINE('',#2206,#514);
#354=LINE('',#2207,#515);
#355=LINE('',#2210,#516);
#356=LINE('',#2212,#517);
#357=LINE('',#2213,#518);
#358=LINE('',#2219,#519);
#359=LINE('',#2222,#520);
#360=LINE('',#2224,#521);
#361=LINE('',#2225,#522);
#362=LINE('',#2227,#523);
#363=LINE('',#2228,#524);
#364=VECTOR('',#1479,25.);
#365=VECTOR('',#1484,10.);
#366=VECTOR('',#1485,10.);
#367=VECTOR('',#1486,10.);
#368=VECTOR('',#1487,10.);
#369=VECTOR('',#1494,10.);
#370=VECTOR('',#1497,10.);
#371=VECTOR('',#1498,10.);
#372=VECTOR('',#1499,10.);
#373=VECTOR('',#1502,10.);
#374=VECTOR('',#1503,10.);
#375=VECTOR('',#1504,10.);
#376=VECTOR('',#1507,10.);
#377=VECTOR('',#1508,10.);
#378=VECTOR('',#1509,10.);
#379=VECTOR('',#1516,10.);
#380=VECTOR('',#1519,10.);
#381=VECTOR('',#1520,10.);
#382=VECTOR('',#1521,10.);
#383=VECTOR('',#1524,10.);
#384=VECTOR('',#1525,10.);
#385=VECTOR('',#1526,10.);
#386=VECTOR('',#1529,10.);
#387=VECTOR('',#1530,10.);
#388=VECTOR('',#1531,10.);
#389=VECTOR('',#1538,10.);
#390=VECTOR('',#1541,10.);
#391=VECTOR('',#1542,10.);
#392=VECTOR('',#1543,10.);
#393=VECTOR('',#1546,10.);
#394=VECTOR('',#1547,10.);
#395=VECTOR('',#1548,10.);
#396=VECTOR('',#1551,10.);
#397=VECTOR('',#1552,10.);
#398=VECTOR('',#1553,10.);
#399=VECTOR('',#1560,10.);
#400=VECTOR('',#1563,10.);
#401=VECTOR('',#1564,10.);
#402=VECTOR('',#1565,10.);
#403=VECTOR('',#1568,10.);
#404=VECTOR('',#1569,10.);
#405=VECTOR('',#1570,10.);
#406=VECTOR('',#1573,10.);
#407=VECTOR('',#1574,10.);
#408=VECTOR('',#1575,10.);
#409=VECTOR('',#1582,10.);
#410=VECTOR('',#1585,10.);
#411=VECTOR('',#1586,10.);
#412=VECTOR('',#1587,10.);
#413=VECTOR('',#1590,10.);
#414=VECTOR('',#1591,10.);
#415=VECTOR('',#1592,10.);
#416=VECTOR('',#1595,10.);
#417=VECTOR('',#1596,10.);
#418=VECTOR('',#1597,10.);
#419=VECTOR('',#1604,10.);
#420=VECTOR('',#1607,10.);
#421=VECTOR('',#1608,10.);
#422=VECTOR('',#1609,10.);
#423=VECTOR('',#1612,10.);
#424=VECTOR('',#1613,10.);
#425=VECTOR('',#1614,10.);
#426=VECTOR('',#1617,10.);
#427=VECTOR('',#1618,10.);
#428=VECTOR('',#1619,10.);
#429=VECTOR('',#1626,10.);
#430=VECTOR('',#1629,10.);
#431=VECTOR('',#1630,10.);
#432=VECTOR('',#1631,10.);
#433=VECTOR('',#1634,10.);
#434=VECTOR('',#1635,10.);
#435=VECTOR('',#1636,10.);
#436=VECTOR('',#1639,10.);
#437=VECTOR('',#1640,10.);
#438=VECTOR('',#1641,10.);
#439=VECTOR('',#1648,10.);
#440=VECTOR('',#1651,10.);
#441=VECTOR('',#1652,10.);
#442=VECTOR('',#1653,10.);
#443=VECTOR('',#1656,10.);
#444=VECTOR('',#1657,10.);
#445=VECTOR('',#1658,10.);
#446=VECTOR('',#1661,10.);
#447=VECTOR('',#1662,10.);
#448=VECTOR('',#1663,10.);
#449=VECTOR('',#1670,10.);
#450=VECTOR('',#1673,10.);
#451=VECTOR('',#1674,10.);
#452=VECTOR('',#1675,10.);
#453=VECTOR('',#1678,10.);
#454=VECTOR('',#1679,10.);
#455=VECTOR('',#1680,10.);
#456=VECTOR('',#1683,10.);
#457=VECTOR('',#1684,10.);
#458=VECTOR('',#1685,10.);
#459=VECTOR('',#1692,10.);
#460=VECTOR('',#1695,10.);
#461=VECTOR('',#1696,10.);
#462=VECTOR('',#1697,10.);
#463=VECTOR('',#1700,10.);
#464=VECTOR('',#1701,10.);
#465=VECTOR('',#1702,10.);
#466=VECTOR('',#1705,10.);
#467=VECTOR('',#1706,10.);
#468=VECTOR('',#1707,10.);
#469=VECTOR('',#1714,10.);
#470=VECTOR('',#1717,10.);
#471=VECTOR('',#1718,10.);
#472=VECTOR('',#1719,10.);
#473=VECTOR('',#1722,10.);
#474=VECTOR('',#1723,10.);
#475=VECTOR('',#1724,10.);
#476=VECTOR('',#1727,10.);
#477=VECTOR('',#1728,10.);
#478=VECTOR('',#1729,10.);
#479=VECTOR('',#1736,10.);
#480=VECTOR('',#1739,10.);
#481=VECTOR('',#1740,10.);
#482=VECTOR('',#1741,10.);
#483=VECTOR('',#1744,10.);
#484=VECTOR('',#1745,10.);
#485=VECTOR('',#1746,10.);
#486=VECTOR('',#1749,10.);
#487=VECTOR('',#1750,10.);
#488=VECTOR('',#1751,10.);
#489=VECTOR('',#1758,10.);
#490=VECTOR('',#1761,10.);
#491=VECTOR('',#1762,10.);
#492=VECTOR('',#1763,10.);
#493=VECTOR('',#1766,10.);
#494=VECTOR('',#1767,10.);
#495=VECTOR('',#1768,10.);
#496=VECTOR('',#1771,10.);
#497=VECTOR('',#1772,10.);
#498=VECTOR('',#1773,10.);
#499=VECTOR('',#1780,10.);
#500=VECTOR('',#1783,10.);
#501=VECTOR('',#1784,10.);
#502=VECTOR('',#1785,10.);
#503=VECTOR('',#1788,10.);
#504=VECTOR('',#1789,10.);
#505=VECTOR('',#1790,10.);
#506=VECTOR('',#1793,10.);
#507=VECTOR('',#1794,10.);
#508=VECTOR('',#1795,10.);
#509=VECTOR('',#1802,10.);
#510=VECTOR('',#1805,10.);
#511=VECTOR('',#1806,10.);
#512=VECTOR('',#1807,10.);
#513=VECTOR('',#1810,10.);
#514=VECTOR('',#1811,10.);
#515=VECTOR('',#1812,10.);
#516=VECTOR('',#1815,10.);
#517=VECTOR('',#1816,10.);
#518=VECTOR('',#1817,10.);
#519=VECTOR('',#1824,10.);
#520=VECTOR('',#1827,10.);
#521=VECTOR('',#1828,10.);
#522=VECTOR('',#1829,10.);
#523=VECTOR('',#1832,10.);
#524=VECTOR('',#1833,10.);
#525=CIRCLE('',#1373,25.);
#526=CIRCLE('',#1374,25.);
#527=CIRCLE('',#1377,39.);
#528=CIRCLE('',#1378,39.);
#529=CIRCLE('',#1383,39.);
#530=CIRCLE('',#1384,39.);
#531=CIRCLE('',#1389,39.);
#532=CIRCLE('',#1390,39.);
#533=CIRCLE('',#1395,39.);
#534=CIRCLE('',#1396,39.);
#535=CIRCLE('',#1401,39.);
#536=CIRCLE('',#1402,39.);
#537=CIRCLE('',#1407,39.);
#538=CIRCLE('',#1408,39.);
#539=CIRCLE('',#1413,39.);
#540=CIRCLE('',#1414,39.);
#541=CIRCLE('',#1419,39.);
#542=CIRCLE('',#1420,39.);
#543=CIRCLE('',#1425,39.);
#544=CIRCLE('',#1426,39.);
#545=CIRCLE('',#1431,39.);
#546=CIRCLE('',#1432,39.);
#547=CIRCLE('',#1437,39.);
#548=CIRCLE('',#1438,39.);
#549=CIRCLE('',#1443,39.);
#550=CIRCLE('',#1444,39.);
#551=CIRCLE('',#1449,39.);
#552=CIRCLE('',#1450,39.);
#553=CIRCLE('',#1455,39.);
#554=CIRCLE('',#1456,39.);
#555=CIRCLE('',#1461,39.);
#556=CIRCLE('',#1462,39.);
#557=CIRCLE('',#1467,39.);
#558=CIRCLE('',#1468,39.);
#559=VERTEX_POINT('',#1840);
#560=VERTEX_POINT('',#1842);
#561=VERTEX_POINT('',#1846);
#562=VERTEX_POINT('',#1847);
#563=VERTEX_POINT('',#1849);
#564=VERTEX_POINT('',#1851);
#565=VERTEX_POINT('',#1855);
#566=VERTEX_POINT('',#1857);
#567=VERTEX_POINT('',#1861);
#568=VERTEX_POINT('',#1863);
#569=VERTEX_POINT('',#1867);
#570=VERTEX_POINT('',#1869);
#571=VERTEX_POINT('',#1873);
#572=VERTEX_POINT('',#1875);
#573=VERTEX_POINT('',#1879);
#574=VERTEX_POINT('',#1881);
#575=VERTEX_POINT('',#1885);
#576=VERTEX_POINT('',#1887);
#577=VERTEX_POINT('',#1891);
#578=VERTEX_POINT('',#1893);
#579=VERTEX_POINT('',#1897);
#580=VERTEX_POINT('',#1899);
#581=VERTEX_POINT('',#1903);
#582=VERTEX_POINT('',#1905);
#583=VERTEX_POINT('',#1909);
#584=VERTEX_POINT('',#1911);
#585=VERTEX_POINT('',#1915);
#586=VERTEX_POINT('',#1917);
#587=VERTEX_POINT('',#1921);
#588=VERTEX_POINT('',#1923);
#589=VERTEX_POINT('',#1927);
#590=VERTEX_POINT('',#1929);
#591=VERTEX_POINT('',#1933);
#592=VERTEX_POINT('',#1935);
#593=VERTEX_POINT('',#1939);
#594=VERTEX_POINT('',#1941);
#595=VERTEX_POINT('',#1945);
#596=VERTEX_POINT('',#1947);
#597=VERTEX_POINT('',#1951);
#598=VERTEX_POINT('',#1953);
#599=VERTEX_POINT('',#1957);
#600=VERTEX_POINT('',#1959);
#601=VERTEX_POINT('',#1963);
#602=VERTEX_POINT('',#1965);
#603=VERTEX_POINT('',#1969);
#604=VERTEX_POINT('',#1971);
#605=VERTEX_POINT('',#1975);
#606=VERTEX_POINT('',#1977);
#607=VERTEX_POINT('',#1981);
#608=VERTEX_POINT('',#1983);
#609=VERTEX_POINT('',#1987);
#610=VERTEX_POINT('',#1989);
#611=VERTEX_POINT('',#1993);
#612=VERTEX_POINT('',#1995);
#613=VERTEX_POINT('',#1999);
#614=VERTEX_POINT('',#2001);
#615=VERTEX_POINT('',#2005);
#616=VERTEX_POINT('',#2007);
#617=VERTEX_POINT('',#2011);
#618=VERTEX_POINT('',#2013);
#619=VERTEX_POINT('',#2017);
#620=VERTEX_POINT('',#2019);
#621=VERTEX_POINT('',#2023);
#622=VERTEX_POINT('',#2025);
#623=VERTEX_POINT('',#2029);
#624=VERTEX_POINT('',#2031);
#625=VERTEX_POINT('',#2035);
#626=VERTEX_POINT('',#2037);
#627=VERTEX_POINT('',#2041);
#628=VERTEX_POINT('',#2043);
#629=VERTEX_POINT('',#2047);
#630=VERTEX_POINT('',#2049);
#631=VERTEX_POINT('',#2053);
#632=VERTEX_POINT('',#2055);
#633=VERTEX_POINT('',#2059);
#634=VERTEX_POINT('',#2061);
#635=VERTEX_POINT('',#2065);
#636=VERTEX_POINT('',#2067);
#637=VERTEX_POINT('',#2071);
#638=VERTEX_POINT('',#2073);
#639=VERTEX_POINT('',#2077);
#640=VERTEX_POINT('',#2079);
#641=VERTEX_POINT('',#2083);
#642=VERTEX_POINT('',#2085);
#643=VERTEX_POINT('',#2089);
#644=VERTEX_POINT('',#2091);
#645=VERTEX_POINT('',#2095);
#646=VERTEX_POINT('',#2097);
#647=VERTEX_POINT('',#2101);
#648=VERTEX_POINT('',#2103);
#649=VERTEX_POINT('',#2107);
#650=VERTEX_POINT('',#2109);
#651=VERTEX_POINT('',#2113);
#652=VERTEX_POINT('',#2115);
#653=VERTEX_POINT('',#2119);
#654=VERTEX_POINT('',#2121);
#655=VERTEX_POINT('',#2125);
#656=VERTEX_POINT('',#2127);
#657=VERTEX_POINT('',#2131);
#658=VERTEX_POINT('',#2133);
#659=VERTEX_POINT('',#2137);
#660=VERTEX_POINT('',#2139);
#661=VERTEX_POINT('',#2143);
#662=VERTEX_POINT('',#2145);
#663=VERTEX_POINT('',#2149);
#664=VERTEX_POINT('',#2151);
#665=VERTEX_POINT('',#2155);
#666=VERTEX_POINT('',#2157);
#667=VERTEX_POINT('',#2161);
#668=VERTEX_POINT('',#2163);
#669=VERTEX_POINT('',#2167);
#670=VERTEX_POINT('',#2169);
#671=VERTEX_POINT('',#2173);
#672=VERTEX_POINT('',#2175);
#673=VERTEX_POINT('',#2179);
#674=VERTEX_POINT('',#2181);
#675=VERTEX_POINT('',#2185);
#676=VERTEX_POINT('',#2187);
#677=VERTEX_POINT('',#2191);
#678=VERTEX_POINT('',#2193);
#679=VERTEX_POINT('',#2197);
#680=VERTEX_POINT('',#2199);
#681=VERTEX_POINT('',#2203);
#682=VERTEX_POINT('',#2205);
#683=VERTEX_POINT('',#2209);
#684=VERTEX_POINT('',#2211);
#685=VERTEX_POINT('',#2215);
#686=VERTEX_POINT('',#2217);
#687=VERTEX_POINT('',#2221);
#688=VERTEX_POINT('',#2223);
#689=EDGE_CURVE('',#559,#559,#525,.T.);
#690=EDGE_CURVE('',#559,#560,#203,.T.);
#691=EDGE_CURVE('',#560,#560,#526,.T.);
#692=EDGE_CURVE('',#561,#562,#204,.T.);
#693=EDGE_CURVE('',#561,#563,#205,.T.);
#694=EDGE_CURVE('',#564,#563,#206,.T.);
#695=EDGE_CURVE('',#562,#564,#207,.T.);
#696=EDGE_CURVE('',#565,#562,#527,.T.);
#697=EDGE_CURVE('',#566,#564,#528,.T.);
#698=EDGE_CURVE('',#565,#566,#208,.T.);
#699=EDGE_CURVE('',#567,#565,#209,.T.);
#700=EDGE_CURVE('',#568,#566,#210,.T.);
#701=EDGE_CURVE('',#567,#568,#211,.T.);
#702=EDGE_CURVE('',#567,#569,#212,.T.);
#703=EDGE_CURVE('',#570,#568,#213,.T.);
#704=EDGE_CURVE('',#569,#570,#214,.T.);
#705=EDGE_CURVE('',#569,#571,#215,.T.);
#706=EDGE_CURVE('',#572,#570,#216,.T.);
#707=EDGE_CURVE('',#571,#572,#217,.T.);
#708=EDGE_CURVE('',#573,#571,#529,.T.);
#709=EDGE_CURVE('',#574,#572,#530,.T.);
#710=EDGE_CURVE('',#573,#574,#218,.T.);
#711=EDGE_CURVE('',#575,#573,#219,.T.);
#712=EDGE_CURVE('',#576,#574,#220,.T.);
#713=EDGE_CURVE('',#575,#576,#221,.T.);
#714=EDGE_CURVE('',#575,#577,#222,.T.);
#715=EDGE_CURVE('',#578,#576,#223,.T.);
#716=EDGE_CURVE('',#577,#578,#224,.T.);
#717=EDGE_CURVE('',#577,#579,#225,.T.);
#718=EDGE_CURVE('',#580,#578,#226,.T.);
#719=EDGE_CURVE('',#579,#580,#227,.T.);
#720=EDGE_CURVE('',#581,#579,#531,.T.);
#721=EDGE_CURVE('',#582,#580,#532,.T.);
#722=EDGE_CURVE('',#581,#582,#228,.T.);
#723=EDGE_CURVE('',#583,#581,#229,.T.);
#724=EDGE_CURVE('',#584,#582,#230,.T.);
#725=EDGE_CURVE('',#583,#584,#231,.T.);
#726=EDGE_CURVE('',#583,#585,#232,.T.);
#727=EDGE_CURVE('',#586,#584,#233,.T.);
#728=EDGE_CURVE('',#585,#586,#234,.T.);
#729=EDGE_CURVE('',#585,#587,#235,.T.);
#730=EDGE_CURVE('',#588,#586,#236,.T.);
#731=EDGE_CURVE('',#587,#588,#237,.T.);
#732=EDGE_CURVE('',#589,#587,#533,.T.);
#733=EDGE_CURVE('',#590,#588,#534,.T.);
#734=EDGE_CURVE('',#589,#590,#238,.T.);
#735=EDGE_CURVE('',#591,#589,#239,.T.);
#736=EDGE_CURVE('',#592,#590,#240,.T.);
#737=EDGE_CURVE('',#591,#592,#241,.T.);
#738=EDGE_CURVE('',#591,#593,#242,.T.);
#739=EDGE_CURVE('',#594,#592,#243,.T.);
#740=EDGE_CURVE('',#593,#594,#244,.T.);
#741=EDGE_CURVE('',#593,#595,#245,.T.);
#742=EDGE_CURVE('',#596,#594,#246,.T.);
#743=EDGE_CURVE('',#595,#596,#247,.T.);
#744=EDGE_CURVE('',#597,#595,#535,.T.);
#745=EDGE_CURVE('',#598,#596,#536,.T.);
#746=EDGE_CURVE('',#597,#598,#248,.T.);
#747=EDGE_CURVE('',#599,#597,#249,.T.);
#748=EDGE_CURVE('',#600,#598,#250,.T.);
#749=EDGE_CURVE('',#599,#600,#251,.T.);
#750=EDGE_CURVE('',#599,#601,#252,.T.);
#751=EDGE_CURVE('',#602,#600,#253,.T.);
#752=EDGE_CURVE('',#601,#602,#254,.T.);
#753=EDGE_CURVE('',#601,#603,#255,.T.);
#754=EDGE_CURVE('',#604,#602,#256,.T.);
#755=EDGE_CURVE('',#603,#604,#257,.T.);
#756=EDGE_CURVE('',#605,#603,#537,.T.);
#757=EDGE_CURVE('',#606,#604,#538,.T.);
#758=EDGE_CURVE('',#605,#606,#258,.T.);
#759=EDGE_CURVE('',#607,#605,#259,.T.);
#760=EDGE_CURVE('',#608,#606,#260,.T.);
#761=EDGE_CURVE('',#607,#608,#261,.T.);
#762=EDGE_CURVE('',#607,#609,#262,.T.);
#763=EDGE_CURVE('',#610,#608,#263,.T.);
#764=EDGE_CURVE('',#609,#610,#264,.T.);
#765=EDGE_CURVE('',#609,#611,#265,.T.);
#766=EDGE_CURVE('',#612,#610,#266,.T.);
#767=EDGE_CURVE('',#611,#612,#267,.T.);
#768=EDGE_CURVE('',#613,#611,#539,.T.);
#769=EDGE_CURVE('',#614,#612,#540,.T.);
#770=EDGE_CURVE('',#613,#614,#268,.T.);
#771=EDGE_CURVE('',#615,#613,#269,.T.);
#772=EDGE_CURVE('',#616,#614,#270,.T.);
#773=EDGE_CURVE('',#615,#616,#271,.T.);
#774=EDGE_CURVE('',#615,#617,#272,.T.);
#775=EDGE_CURVE('',#618,#616,#273,.T.);
#776=EDGE_CURVE('',#617,#618,#274,.T.);
#777=EDGE_CURVE('',#617,#619,#275,.T.);
#778=EDGE_CURVE('',#620,#618,#276,.T.);
#779=EDGE_CURVE('',#619,#620,#277,.T.);
#780=EDGE_CURVE('',#621,#619,#541,.T.);
#781=EDGE_CURVE('',#622,#620,#542,.T.);
#782=EDGE_CURVE('',#621,#622,#278,.T.);
#783=EDGE_CURVE('',#623,#621,#279,.T.);
#784=EDGE_CURVE('',#624,#622,#280,.T.);
#785=EDGE_CURVE('',#623,#624,#281,.T.);
#786=EDGE_CURVE('',#623,#625,#282,.T.);
#787=EDGE_CURVE('',#626,#624,#283,.T.);
#788=EDGE_CURVE('',#625,#626,#284,.T.);
#789=EDGE_CURVE('',#625,#627,#285,.T.);
#790=EDGE_CURVE('',#628,#626,#286,.T.);
#791=EDGE_CURVE('',#627,#628,#287,.T.);
#792=EDGE_CURVE('',#629,#627,#543,.T.);
#793=EDGE_CURVE('',#630,#628,#544,.T.);
#794=EDGE_CURVE('',#629,#630,#288,.T.);
#795=EDGE_CURVE('',#631,#629,#289,.T.);
#796=EDGE_CURVE('',#632,#630,#290,.T.);
#797=EDGE_CURVE('',#631,#632,#291,.T.);
#798=EDGE_CURVE('',#631,#633,#292,.T.);
#799=EDGE_CURVE('',#634,#632,#293,.T.);
#800=EDGE_CURVE('',#633,#634,#294,.T.);
#801=EDGE_CURVE('',#633,#635,#295,.T.);
#802=EDGE_CURVE('',#636,#634,#296,.T.);
#803=EDGE_CURVE('',#635,#636,#297,.T.);
#804=EDGE_CURVE('',#637,#635,#545,.T.);
#805=EDGE_CURVE('',#638,#636,#546,.T.);
#806=EDGE_CURVE('',#637,#638,#298,.T.);
#807=EDGE_CURVE('',#639,#637,#299,.T.);
#808=EDGE_CURVE('',#640,#638,#300,.T.);
#809=EDGE_CURVE('',#639,#640,#301,.T.);
#810=EDGE_CURVE('',#639,#641,#302,.T.);
#811=EDGE_CURVE('',#642,#640,#303,.T.);
#812=EDGE_CURVE('',#641,#642,#304,.T.);
#813=EDGE_CURVE('',#641,#643,#305,.T.);
#814=EDGE_CURVE('',#644,#642,#306,.T.);
#815=EDGE_CURVE('',#643,#644,#307,.T.);
#816=EDGE_CURVE('',#645,#643,#547,.T.);
#817=EDGE_CURVE('',#646,#644,#548,.T.);
#818=EDGE_CURVE('',#645,#646,#308,.T.);
#819=EDGE_CURVE('',#647,#645,#309,.T.);
#820=EDGE_CURVE('',#648,#646,#310,.T.);
#821=EDGE_CURVE('',#647,#648,#311,.T.);
#822=EDGE_CURVE('',#647,#649,#312,.T.);
#823=EDGE_CURVE('',#650,#648,#313,.T.);
#824=EDGE_CURVE('',#649,#650,#314,.T.);
#825=EDGE_CURVE('',#649,#651,#315,.T.);
#826=EDGE_CURVE('',#652,#650,#316,.T.);
#827=EDGE_CURVE('',#651,#652,#317,.T.);
#828=EDGE_CURVE('',#653,#651,#549,.T.);
#829=EDGE_CURVE('',#654,#652,#550,.T.);
#830=EDGE_CURVE('',#653,#654,#318,.T.);
#831=EDGE_CURVE('',#655,#653,#319,.T.);
#832=EDGE_CURVE('',#656,#654,#320,.T.);
#833=EDGE_CURVE('',#655,#656,#321,.T.);
#834=EDGE_CURVE('',#655,#657,#322,.T.);
#835=EDGE_CURVE('',#658,#656,#323,.T.);
#836=EDGE_CURVE('',#657,#658,#324,.T.);
#837=EDGE_CURVE('',#657,#659,#325,.T.);
#838=EDGE_CURVE('',#660,#658,#326,.T.);
#839=EDGE_CURVE('',#659,#660,#327,.T.);
#840=EDGE_CURVE('',#661,#659,#551,.T.);
#841=EDGE_CURVE('',#662,#660,#552,.T.);
#842=EDGE_CURVE('',#661,#662,#328,.T.);
#843=EDGE_CURVE('',#663,#661,#329,.T.);
#844=EDGE_CURVE('',#664,#662,#330,.T.);
#845=EDGE_CURVE('',#663,#664,#331,.T.);
#846=EDGE_CURVE('',#663,#665,#332,.T.);
#847=EDGE_CURVE('',#666,#664,#333,.T.);
#848=EDGE_CURVE('',#665,#666,#334,.T.);
#849=EDGE_CURVE('',#665,#667,#335,.T.);
#850=EDGE_CURVE('',#668,#666,#336,.T.);
#851=EDGE_CURVE('',#667,#668,#337,.T.);
#852=EDGE_CURVE('',#669,#667,#553,.T.);
#853=EDGE_CURVE('',#670,#668,#554,.T.);
#854=EDGE_CURVE('',#669,#670,#338,.T.);
#855=EDGE_CURVE('',#671,#669,#339,.T.);
#856=EDGE_CURVE('',#672,#670,#340,.T.);
#857=EDGE_CURVE('',#671,#672,#341,.T.);
#858=EDGE_CURVE('',#671,#673,#342,.T.);
#859=EDGE_CURVE('',#674,#672,#343,.T.);
#860=EDGE_CURVE('',#673,#674,#344,.T.);
#861=EDGE_CURVE('',#673,#675,#345,.T.);
#862=EDGE_CURVE('',#676,#674,#346,.T.);
#863=EDGE_CURVE('',#675,#676,#347,.T.);
#864=EDGE_CURVE('',#677,#675,#555,.T.);
#865=EDGE_CURVE('',#678,#676,#556,.T.);
#866=EDGE_CURVE('',#677,#678,#348,.T.);
#867=EDGE_CURVE('',#679,#677,#349,.T.);
#868=EDGE_CURVE('',#680,#678,#350,.T.);
#869=EDGE_CURVE('',#679,#680,#351,.T.);
#870=EDGE_CURVE('',#679,#681,#352,.T.);
#871=EDGE_CURVE('',#682,#680,#353,.T.);
#872=EDGE_CURVE('',#681,#682,#354,.T.);
#873=EDGE_CURVE('',#681,#683,#355,.T.);
#874=EDGE_CURVE('',#684,#682,#356,.T.);
#875=EDGE_CURVE('',#683,#684,#357,.T.);
#876=EDGE_CURVE('',#685,#683,#557,.T.);
#877=EDGE_CURVE('',#686,#684,#558,.T.);
#878=EDGE_CURVE('',#685,#686,#358,.T.);
#879=EDGE_CURVE('',#687,#685,#359,.T.);
#880=EDGE_CURVE('',#688,#686,#360,.T.);
#881=EDGE_CURVE('',#687,#688,#361,.T.);
#882=EDGE_CURVE('',#561,#687,#362,.T.);
#883=EDGE_CURVE('',#563,#688,#363,.T.);
#884=ORIENTED_EDGE('',*,*,#689,.F.);
#885=ORIENTED_EDGE('',*,*,#690,.T.);
#886=ORIENTED_EDGE('',*,*,#691,.T.);
#887=ORIENTED_EDGE('',*,*,#690,.F.);
#888=ORIENTED_EDGE('',*,*,#692,.F.);
#889=ORIENTED_EDGE('',*,*,#693,.T.);
#890=ORIENTED_EDGE('',*,*,#694,.F.);
#891=ORIENTED_EDGE('',*,*,#695,.F.);
#892=ORIENTED_EDGE('',*,*,#696,.T.);
#893=ORIENTED_EDGE('',*,*,#695,.T.);
#894=ORIENTED_EDGE('',*,*,#697,.F.);
#895=ORIENTED_EDGE('',*,*,#698,.F.);
#896=ORIENTED_EDGE('',*,*,#699,.T.);
#897=ORIENTED_EDGE('',*,*,#698,.T.);
#898=ORIENTED_EDGE('',*,*,#700,.F.);
#899=ORIENTED_EDGE('',*,*,#701,.F.);
#900=ORIENTED_EDGE('',*,*,#702,.F.);
#901=ORIENTED_EDGE('',*,*,#701,.T.);
#902=ORIENTED_EDGE('',*,*,#703,.F.);
#903=ORIENTED_EDGE('',*,*,#704,.F.);
#904=ORIENTED_EDGE('',*,*,#705,.F.);
#905=ORIENTED_EDGE('',*,*,#704,.T.);
#906=ORIENTED_EDGE('',*,*,#706,.F.);
#907=ORIENTED_EDGE('',*,*,#707,.F.);
#908=ORIENTED_EDGE('',*,*,#708,.T.);
#909=ORIENTED_EDGE('',*,*,#707,.T.);
#910=ORIENTED_EDGE('',*,*,#709,.F.);
#911=ORIENTED_EDGE('',*,*,#710,.F.);
#912=ORIENTED_EDGE('',*,*,#711,.T.);
#913=ORIENTED_EDGE('',*,*,#710,.T.);
#914=ORIENTED_EDGE('',*,*,#712,.F.);
#915=ORIENTED_EDGE('',*,*,#713,.F.);
#916=ORIENTED_EDGE('',*,*,#714,.F.);
#917=ORIENTED_EDGE('',*,*,#713,.T.);
#918=ORIENTED_EDGE('',*,*,#715,.F.);
#919=ORIENTED_EDGE('',*,*,#716,.F.);
#920=ORIENTED_EDGE('',*,*,#717,.F.);
#921=ORIENTED_EDGE('',*,*,#716,.T.);
#922=ORIENTED_EDGE('',*,*,#718,.F.);
#923=ORIENTED_EDGE('',*,*,#719,.F.);
#924=ORIENTED_EDGE('',*,*,#720,.T.);
#925=ORIENTED_EDGE('',*,*,#719,.T.);
#926=ORIENTED_EDGE('',*,*,#721,.F.);
#927=ORIENTED_EDGE('',*,*,#722,.F.);
#928=ORIENTED_EDGE('',*,*,#723,.T.);
#929=ORIENTED_EDGE('',*,*,#722,.T.);
#930=ORIENTED_EDGE('',*,*,#724,.F.);
#931=ORIENTED_EDGE('',*,*,#725,.F.);
#932=ORIENTED_EDGE('',*,*,#726,.F.);
#933=ORIENTED_EDGE('',*,*,#725,.T.);
#934=ORIENTED_EDGE('',*,*,#727,.F.);
#935=ORIENTED_EDGE('',*,*,#728,.F.);
#936=ORIENTED_EDGE('',*,*,#729,.F.);
#937=ORIENTED_EDGE('',*,*,#728,.T.);
#938=ORIENTED_EDGE('',*,*,#730,.F.);
#939=ORIENTED_EDGE('',*,*,#731,.F.);
#940=ORIENTED_EDGE('',*,*,#732,.T.);
#941=ORIENTED_EDGE('',*,*,#731,.T.);
#942=ORIENTED_EDGE('',*,*,#733,.F.);
#943=ORIENTED_EDGE('',*,*,#734,.F.);
#944=ORIENTED_EDGE('',*,*,#735,.T.);
#945=ORIENTED_EDGE('',*,*,#734,.T.);
#946=ORIENTED_EDGE('',*,*,#736,.F.);
#947=ORIENTED_EDGE('',*,*,#737,.F.);
#948=ORIENTED_EDGE('',*,*,#738,.F.);
#949=ORIENTED_EDGE('',*,*,#737,.T.);
#950=ORIENTED_EDGE('',*,*,#739,.F.);
#951=ORIENTED_EDGE('',*,*,#740,.F.);
#952=ORIENTED_EDGE('',*,*,#741,.F.);
#953=ORIENTED_EDGE('',*,*,#740,.T.);
#954=ORIENTED_EDGE('',*,*,#742,.F.);
#955=ORIENTED_EDGE('',*,*,#743,.F.);
#956=ORIENTED_EDGE('',*,*,#744,.T.);
#957=ORIENTED_EDGE('',*,*,#743,.T.);
#958=ORIENTED_EDGE('',*,*,#745,.F.);
#959=ORIENTED_EDGE('',*,*,#746,.F.);
#960=ORIENTED_EDGE('',*,*,#747,.T.);
#961=ORIENTED_EDGE('',*,*,#746,.T.);
#962=ORIENTED_EDGE('',*,*,#748,.F.);
#963=ORIENTED_EDGE('',*,*,#749,.F.);
#964=ORIENTED_EDGE('',*,*,#750,.F.);
#965=ORIENTED_EDGE('',*,*,#749,.T.);
#966=ORIENTED_EDGE('',*,*,#751,.F.);
#967=ORIENTED_EDGE('',*,*,#752,.F.);
#968=ORIENTED_EDGE('',*,*,#753,.F.);
#969=ORIENTED_EDGE('',*,*,#752,.T.);
#970=ORIENTED_EDGE('',*,*,#754,.F.);
#971=ORIENTED_EDGE('',*,*,#755,.F.);
#972=ORIENTED_EDGE('',*,*,#756,.T.);
#973=ORIENTED_EDGE('',*,*,#755,.T.);
#974=ORIENTED_EDGE('',*,*,#757,.F.);
#975=ORIENTED_EDGE('',*,*,#758,.F.);
#976=ORIENTED_EDGE('',*,*,#759,.T.);
#977=ORIENTED_EDGE('',*,*,#758,.T.);
#978=ORIENTED_EDGE('',*,*,#760,.F.);
#979=ORIENTED_EDGE('',*,*,#761,.F.);
#980=ORIENTED_EDGE('',*,*,#762,.F.);
#981=ORIENTED_EDGE('',*,*,#761,.T.);
#982=ORIENTED_EDGE('',*,*,#763,.F.);
#983=ORIENTED_EDGE('',*,*,#764,.F.);
#984=ORIENTED_EDGE('',*,*,#765,.F.);
#985=ORIENTED_EDGE('',*,*,#764,.T.);
#986=ORIENTED_EDGE('',*,*,#766,.F.);
#987=ORIENTED_EDGE('',*,*,#767,.F.);
#988=ORIENTED_EDGE('',*,*,#768,.T.);
#989=ORIENTED_EDGE('',*,*,#767,.T.);
#990=ORIENTED_EDGE('',*,*,#769,.F.);
#991=ORIENTED_EDGE('',*,*,#770,.F.);
#992=ORIENTED_EDGE('',*,*,#771,.T.);
#993=ORIENTED_EDGE('',*,*,#770,.T.);
#994=ORIENTED_EDGE('',*,*,#772,.F.);
#995=ORIENTED_EDGE('',*,*,#773,.F.);
#996=ORIENTED_EDGE('',*,*,#774,.F.);
#997=ORIENTED_EDGE('',*,*,#773,.T.);
#998=ORIENTED_EDGE('',*,*,#775,.F.);
#999=ORIENTED_EDGE('',*,*,#776,.F.);
#1000=ORIENTED_EDGE('',*,*,#777,.F.);
#1001=ORIENTED_EDGE('',*,*,#776,.T.);
#1002=ORIENTED_EDGE('',*,*,#778,.F.);
#1003=ORIENTED_EDGE('',*,*,#779,.F.);
#1004=ORIENTED_EDGE('',*,*,#780,.T.);
#1005=ORIENTED_EDGE('',*,*,#779,.T.);
#1006=ORIENTED_EDGE('',*,*,#781,.F.);
#1007=ORIENTED_EDGE('',*,*,#782,.F.);
#1008=ORIENTED_EDGE('',*,*,#783,.T.);
#1009=ORIENTED_EDGE('',*,*,#782,.T.);
#1010=ORIENTED_EDGE('',*,*,#784,.F.);
#1011=ORIENTED_EDGE('',*,*,#785,.F.);
#1012=ORIENTED_EDGE('',*,*,#786,.F.);
#1013=ORIENTED_EDGE('',*,*,#785,.T.);
#1014=ORIENTED_EDGE('',*,*,#787,.F.);
#1015=ORIENTED_EDGE('',*,*,#788,.F.);
#1016=ORIENTED_EDGE('',*,*,#789,.F.);
#1017=ORIENTED_EDGE('',*,*,#788,.T.);
#1018=ORIENTED_EDGE('',*,*,#790,.F.);
#1019=ORIENTED_EDGE('',*,*,#791,.F.);
#1020=ORIENTED_EDGE('',*,*,#792,.T.);
#1021=ORIENTED_EDGE('',*,*,#791,.T.);
#1022=ORIENTED_EDGE('',*,*,#793,.F.);
#1023=ORIENTED_EDGE('',*,*,#794,.F.);
#1024=ORIENTED_EDGE('',*,*,#795,.T.);
#1025=ORIENTED_EDGE('',*,*,#794,.T.);
#1026=ORIENTED_EDGE('',*,*,#796,.F.);
#1027=ORIENTED_EDGE('',*,*,#797,.F.);
#1028=ORIENTED_EDGE('',*,*,#798,.F.);
#1029=ORIENTED_EDGE('',*,*,#797,.T.);
#1030=ORIENTED_EDGE('',*,*,#799,.F.);
#1031=ORIENTED_EDGE('',*,*,#800,.F.);
#1032=ORIENTED_EDGE('',*,*,#801,.F.);
#1033=ORIENTED_EDGE('',*,*,#800,.T.);
#1034=ORIENTED_EDGE('',*,*,#802,.F.);
#1035=ORIENTED_EDGE('',*,*,#803,.F.);
#1036=ORIENTED_EDGE('',*,*,#804,.T.);
#1037=ORIENTED_EDGE('',*,*,#803,.T.);
#1038=ORIENTED_EDGE('',*,*,#805,.F.);
#1039=ORIENTED_EDGE('',*,*,#806,.F.);
#1040=ORIENTED_EDGE('',*,*,#807,.T.);
#1041=ORIENTED_EDGE('',*,*,#806,.T.);
#1042=ORIENTED_EDGE('',*,*,#808,.F.);
#1043=ORIENTED_EDGE('',*,*,#809,.F.);
#1044=ORIENTED_EDGE('',*,*,#810,.F.);
#1045=ORIENTED_EDGE('',*,*,#809,.T.);
#1046=ORIENTED_EDGE('',*,*,#811,.F.);
#1047=ORIENTED_EDGE('',*,*,#812,.F.);
#1048=ORIENTED_EDGE('',*,*,#813,.F.);
#1049=ORIENTED_EDGE('',*,*,#812,.T.);
#1050=ORIENTED_EDGE('',*,*,#814,.F.);
#1051=ORIENTED_EDGE('',*,*,#815,.F.);
#1052=ORIENTED_EDGE('',*,*,#816,.T.);
#1053=ORIENTED_EDGE('',*,*,#815,.T.);
#1054=ORIENTED_EDGE('',*,*,#817,.F.);
#1055=ORIENTED_EDGE('',*,*,#818,.F.);
#1056=ORIENTED_EDGE('',*,*,#819,.T.);
#1057=ORIENTED_EDGE('',*,*,#818,.T.);
#1058=ORIENTED_EDGE('',*,*,#820,.F.);
#1059=ORIENTED_EDGE('',*,*,#821,.F.);
#1060=ORIENTED_EDGE('',*,*,#822,.F.);
#1061=ORIENTED_EDGE('',*,*,#821,.T.);
#1062=ORIENTED_EDGE('',*,*,#823,.F.);
#1063=ORIENTED_EDGE('',*,*,#824,.F.);
#1064=ORIENTED_EDGE('',*,*,#825,.F.);
#1065=ORIENTED_EDGE('',*,*,#824,.T.);
#1066=ORIENTED_EDGE('',*,*,#826,.F.);
#1067=ORIENTED_EDGE('',*,*,#827,.F.);
#1068=ORIENTED_EDGE('',*,*,#828,.T.);
#1069=ORIENTED_EDGE('',*,*,#827,.T.);
#1070=ORIENTED_EDGE('',*,*,#829,.F.);
#1071=ORIENTED_EDGE('',*,*,#830,.F.);
#1072=ORIENTED_EDGE('',*,*,#831,.T.);
#1073=ORIENTED_EDGE('',*,*,#830,.T.);
#1074=ORIENTED_EDGE('',*,*,#832,.F.);
#1075=ORIENTED_EDGE('',*,*,#833,.F.);
#1076=ORIENTED_EDGE('',*,*,#834,.F.);
#1077=ORIENTED_EDGE('',*,*,#833,.T.);
#1078=ORIENTED_EDGE('',*,*,#835,.F.);
#1079=ORIENTED_EDGE('',*,*,#836,.F.);
#1080=ORIENTED_EDGE('',*,*,#837,.F.);
#1081=ORIENTED_EDGE('',*,*,#836,.T.);
#1082=ORIENTED_EDGE('',*,*,#838,.F.);
#1083=ORIENTED_EDGE('',*,*,#839,.F.);
#1084=ORIENTED_EDGE('',*,*,#840,.T.);
#1085=ORIENTED_EDGE('',*,*,#839,.T.);
#1086=ORIENTED_EDGE('',*,*,#841,.F.);
#1087=ORIENTED_EDGE('',*,*,#842,.F.);
#1088=ORIENTED_EDGE('',*,*,#843,.T.);
#1089=ORIENTED_EDGE('',*,*,#842,.T.);
#1090=ORIENTED_EDGE('',*,*,#844,.F.);
#1091=ORIENTED_EDGE('',*,*,#845,.F.);
#1092=ORIENTED_EDGE('',*,*,#846,.F.);
#1093=ORIENTED_EDGE('',*,*,#845,.T.);
#1094=ORIENTED_EDGE('',*,*,#847,.F.);
#1095=ORIENTED_EDGE('',*,*,#848,.F.);
#1096=ORIENTED_EDGE('',*,*,#849,.F.);
#1097=ORIENTED_EDGE('',*,*,#848,.T.);
#1098=ORIENTED_EDGE('',*,*,#850,.F.);
#1099=ORIENTED_EDGE('',*,*,#851,.F.);
#1100=ORIENTED_EDGE('',*,*,#852,.T.);
#1101=ORIENTED_EDGE('',*,*,#851,.T.);
#1102=ORIENTED_EDGE('',*,*,#853,.F.);
#1103=ORIENTED_EDGE('',*,*,#854,.F.);
#1104=ORIENTED_EDGE('',*,*,#855,.T.);
#1105=ORIENTED_EDGE('',*,*,#854,.T.);
#1106=ORIENTED_EDGE('',*,*,#856,.F.);
#1107=ORIENTED_EDGE('',*,*,#857,.F.);
#1108=ORIENTED_EDGE('',*,*,#858,.F.);
#1109=ORIENTED_EDGE('',*,*,#857,.T.);
#1110=ORIENTED_EDGE('',*,*,#859,.F.);
#1111=ORIENTED_EDGE('',*,*,#860,.F.);
#1112=ORIENTED_EDGE('',*,*,#861,.F.);
#1113=ORIENTED_EDGE('',*,*,#860,.T.);
#1114=ORIENTED_EDGE('',*,*,#862,.F.);
#1115=ORIENTED_EDGE('',*,*,#863,.F.);
#1116=ORIENTED_EDGE('',*,*,#864,.T.);
#1117=ORIENTED_EDGE('',*,*,#863,.T.);
#1118=ORIENTED_EDGE('',*,*,#865,.F.);
#1119=ORIENTED_EDGE('',*,*,#866,.F.);
#1120=ORIENTED_EDGE('',*,*,#867,.T.);
#1121=ORIENTED_EDGE('',*,*,#866,.T.);
#1122=ORIENTED_EDGE('',*,*,#868,.F.);
#1123=ORIENTED_EDGE('',*,*,#869,.F.);
#1124=ORIENTED_EDGE('',*,*,#870,.F.);
#1125=ORIENTED_EDGE('',*,*,#869,.T.);
#1126=ORIENTED_EDGE('',*,*,#871,.F.);
#1127=ORIENTED_EDGE('',*,*,#872,.F.);
#1128=ORIENTED_EDGE('',*,*,#873,.F.);
#1129=ORIENTED_EDGE('',*,*,#872,.T.);
#1130=ORIENTED_EDGE('',*,*,#874,.F.);
#1131=ORIENTED_EDGE('',*,*,#875,.F.);
#1132=ORIENTED_EDGE('',*,*,#876,.T.);
#1133=ORIENTED_EDGE('',*,*,#875,.T.);
#1134=ORIENTED_EDGE('',*,*,#877,.F.);
#1135=ORIENTED_EDGE('',*,*,#878,.F.);
#1136=ORIENTED_EDGE('',*,*,#879,.T.);
#1137=ORIENTED_EDGE('',*,*,#878,.T.);
#1138=ORIENTED_EDGE('',*,*,#880,.F.);
#1139=ORIENTED_EDGE('',*,*,#881,.F.);
#1140=ORIENTED_EDGE('',*,*,#882,.T.);
#1141=ORIENTED_EDGE('',*,*,#881,.T.);
#1142=ORIENTED_EDGE('',*,*,#883,.F.);
#1143=ORIENTED_EDGE('',*,*,#693,.F.);
#1144=ORIENTED_EDGE('',*,*,#883,.T.);
#1145=ORIENTED_EDGE('',*,*,#880,.T.);
#1146=ORIENTED_EDGE('',*,*,#877,.T.);
#1147=ORIENTED_EDGE('',*,*,#874,.T.);
#1148=ORIENTED_EDGE('',*,*,#871,.T.);
#1149=ORIENTED_EDGE('',*,*,#868,.T.);
#1150=ORIENTED_EDGE('',*,*,#865,.T.);
#1151=ORIENTED_EDGE('',*,*,#862,.T.);
#1152=ORIENTED_EDGE('',*,*,#859,.T.);
#1153=ORIENTED_EDGE('',*,*,#856,.T.);
#1154=ORIENTED_EDGE('',*,*,#853,.T.);
#1155=ORIENTED_EDGE('',*,*,#850,.T.);
#1156=ORIENTED_EDGE('',*,*,#847,.T.);
#1157=ORIENTED_EDGE('',*,*,#844,.T.);
#1158=ORIENTED_EDGE('',*,*,#841,.T.);
#1159=ORIENTED_EDGE('',*,*,#838,.T.);
#1160=ORIENTED_EDGE('',*,*,#835,.T.);
#1161=ORIENTED_EDGE('',*,*,#832,.T.);
#1162=ORIENTED_EDGE('',*,*,#829,.T.);
#1163=ORIENTED_EDGE('',*,*,#826,.T.);
#1164=ORIENTED_EDGE('',*,*,#823,.T.);
#1165=ORIENTED_EDGE('',*,*,#820,.T.);
#1166=ORIENTED_EDGE('',*,*,#817,.T.);
#1167=ORIENTED_EDGE('',*,*,#814,.T.);
#1168=ORIENTED_EDGE('',*,*,#811,.T.);
#1169=ORIENTED_EDGE('',*,*,#808,.T.);
#1170=ORIENTED_EDGE('',*,*,#805,.T.);
#1171=ORIENTED_EDGE('',*,*,#802,.T.);
#1172=ORIENTED_EDGE('',*,*,#799,.T.);
#1173=ORIENTED_EDGE('',*,*,#796,.T.);
#1174=ORIENTED_EDGE('',*,*,#793,.T.);
#1175=ORIENTED_EDGE('',*,*,#790,.T.);
#1176=ORIENTED_EDGE('',*,*,#787,.T.);
#1177=ORIENTED_EDGE('',*,*,#784,.T.);
#1178=ORIENTED_EDGE('',*,*,#781,.T.);
#1179=ORIENTED_EDGE('',*,*,#778,.T.);
#1180=ORIENTED_EDGE('',*,*,#775,.T.);
#1181=ORIENTED_EDGE('',*,*,#772,.T.);
#1182=ORIENTED_EDGE('',*,*,#769,.T.);
#1183=ORIENTED_EDGE('',*,*,#766,.T.);
#1184=ORIENTED_EDGE('',*,*,#763,.T.);
#1185=ORIENTED_EDGE('',*,*,#760,.T.);
#1186=ORIENTED_EDGE('',*,*,#757,.T.);
#1187=ORIENTED_EDGE('',*,*,#754,.T.);
#1188=ORIENTED_EDGE('',*,*,#751,.T.);
#1189=ORIENTED_EDGE('',*,*,#748,.T.);
#1190=ORIENTED_EDGE('',*,*,#745,.T.);
#1191=ORIENTED_EDGE('',*,*,#742,.T.);
#1192=ORIENTED_EDGE('',*,*,#739,.T.);
#1193=ORIENTED_EDGE('',*,*,#736,.T.);
#1194=ORIENTED_EDGE('',*,*,#733,.T.);
#1195=ORIENTED_EDGE('',*,*,#730,.T.);
#1196=ORIENTED_EDGE('',*,*,#727,.T.);
#1197=ORIENTED_EDGE('',*,*,#724,.T.);
#1198=ORIENTED_EDGE('',*,*,#721,.T.);
#1199=ORIENTED_EDGE('',*,*,#718,.T.);
#1200=ORIENTED_EDGE('',*,*,#715,.T.);
#1201=ORIENTED_EDGE('',*,*,#712,.T.);
#1202=ORIENTED_EDGE('',*,*,#709,.T.);
#1203=ORIENTED_EDGE('',*,*,#706,.T.);
#1204=ORIENTED_EDGE('',*,*,#703,.T.);
#1205=ORIENTED_EDGE('',*,*,#700,.T.);
#1206=ORIENTED_EDGE('',*,*,#697,.T.);
#1207=ORIENTED_EDGE('',*,*,#694,.T.);
#1208=ORIENTED_EDGE('',*,*,#689,.T.);
#1209=ORIENTED_EDGE('',*,*,#882,.F.);
#1210=ORIENTED_EDGE('',*,*,#692,.T.);
#1211=ORIENTED_EDGE('',*,*,#696,.F.);
#1212=ORIENTED_EDGE('',*,*,#699,.F.);
#1213=ORIENTED_EDGE('',*,*,#702,.T.);
#1214=ORIENTED_EDGE('',*,*,#705,.T.);
#1215=ORIENTED_EDGE('',*,*,#708,.F.);
#1216=ORIENTED_EDGE('',*,*,#711,.F.);
#1217=ORIENTED_EDGE('',*,*,#714,.T.);
#1218=ORIENTED_EDGE('',*,*,#717,.T.);
#1219=ORIENTED_EDGE('',*,*,#720,.F.);
#1220=ORIENTED_EDGE('',*,*,#723,.F.);
#1221=ORIENTED_EDGE('',*,*,#726,.T.);
#1222=ORIENTED_EDGE('',*,*,#729,.T.);
#1223=ORIENTED_EDGE('',*,*,#732,.F.);
#1224=ORIENTED_EDGE('',*,*,#735,.F.);
#1225=ORIENTED_EDGE('',*,*,#738,.T.);
#1226=ORIENTED_EDGE('',*,*,#741,.T.);
#1227=ORIENTED_EDGE('',*,*,#744,.F.);
#1228=ORIENTED_EDGE('',*,*,#747,.F.);
#1229=ORIENTED_EDGE('',*,*,#750,.T.);
#1230=ORIENTED_EDGE('',*,*,#753,.T.);
#1231=ORIENTED_EDGE('',*,*,#756,.F.);
#1232=ORIENTED_EDGE('',*,*,#759,.F.);
#1233=ORIENTED_EDGE('',*,*,#762,.T.);
#1234=ORIENTED_EDGE('',*,*,#765,.T.);
#1235=ORIENTED_EDGE('',*,*,#768,.F.);
#1236=ORIENTED_EDGE('',*,*,#771,.F.);
#1237=ORIENTED_EDGE('',*,*,#774,.T.);
#1238=ORIENTED_EDGE('',*,*,#777,.T.);
#1239=ORIENTED_EDGE('',*,*,#780,.F.);
#1240=ORIENTED_EDGE('',*,*,#783,.F.);
#1241=ORIENTED_EDGE('',*,*,#786,.T.);
#1242=ORIENTED_EDGE('',*,*,#789,.T.);
#1243=ORIENTED_EDGE('',*,*,#792,.F.);
#1244=ORIENTED_EDGE('',*,*,#795,.F.);
#1245=ORIENTED_EDGE('',*,*,#798,.T.);
#1246=ORIENTED_EDGE('',*,*,#801,.T.);
#1247=ORIENTED_EDGE('',*,*,#804,.F.);
#1248=ORIENTED_EDGE('',*,*,#807,.F.);
#1249=ORIENTED_EDGE('',*,*,#810,.T.);
#1250=ORIENTED_EDGE('',*,*,#813,.T.);
#1251=ORIENTED_EDGE('',*,*,#816,.F.);
#1252=ORIENTED_EDGE('',*,*,#819,.F.);
#1253=ORIENTED_EDGE('',*,*,#822,.T.);
#1254=ORIENTED_EDGE('',*,*,#825,.T.);
#1255=ORIENTED_EDGE('',*,*,#828,.F.);
#1256=ORIENTED_EDGE('',*,*,#831,.F.);
#1257=ORIENTED_EDGE('',*,*,#834,.T.);
#1258=ORIENTED_EDGE('',*,*,#837,.T.);
#1259=ORIENTED_EDGE('',*,*,#840,.F.);
#1260=ORIENTED_EDGE('',*,*,#843,.F.);
#1261=ORIENTED_EDGE('',*,*,#846,.T.);
#1262=ORIENTED_EDGE('',*,*,#849,.T.);
#1263=ORIENTED_EDGE('',*,*,#852,.F.);
#1264=ORIENTED_EDGE('',*,*,#855,.F.);
#1265=ORIENTED_EDGE('',*,*,#858,.T.);
#1266=ORIENTED_EDGE('',*,*,#861,.T.);
#1267=ORIENTED_EDGE('',*,*,#864,.F.);
#1268=ORIENTED_EDGE('',*,*,#867,.F.);
#1269=ORIENTED_EDGE('',*,*,#870,.T.);
#1270=ORIENTED_EDGE('',*,*,#873,.T.);
#1271=ORIENTED_EDGE('',*,*,#876,.F.);
#1272=ORIENTED_EDGE('',*,*,#879,.F.);
#1273=ORIENTED_EDGE('',*,*,#691,.F.);
#1274=CYLINDRICAL_SURFACE('',#1372,25.);
#1275=CYLINDRICAL_SURFACE('',#1376,39.);
#1276=CYLINDRICAL_SURFACE('',#1382,39.);
#1277=CYLINDRICAL_SURFACE('',#1388,39.);
#1278=CYLINDRICAL_SURFACE('',#1394,39.);
#1279=CYLINDRICAL_SURFACE('',#1400,39.);
#1280=CYLINDRICAL_SURFACE('',#1406,39.);
#1281=CYLINDRICAL_SURFACE('',#1412,39.);
#1282=CYLINDRICAL_SURFACE('',#1418,39.);
#1283=CYLINDRICAL_SURFACE('',#1424,39.);
#1284=CYLINDRICAL_SURFACE('',#1430,39.);
#1285=CYLINDRICAL_SURFACE('',#1436,39.);
#1286=CYLINDRICAL_SURFACE('',#1442,39.);
#1287=CYLINDRICAL_SURFACE('',#1448,39.);
#1288=CYLINDRICAL_SURFACE('',#1454,39.);
#1289=CYLINDRICAL_SURFACE('',#1460,39.);
#1290=CYLINDRICAL_SURFACE('',#1466,39.);
#1291=ADVANCED_FACE('',(#67),#1274,.F.);
#1292=ADVANCED_FACE('',(#68),#17,.T.);
#1293=ADVANCED_FACE('',(#69),#1275,.T.);
#1294=ADVANCED_FACE('',(#70),#18,.T.);
#1295=ADVANCED_FACE('',(#71),#19,.T.);
#1296=ADVANCED_FACE('',(#72),#20,.T.);
#1297=ADVANCED_FACE('',(#73),#1276,.T.);
#1298=ADVANCED_FACE('',(#74),#21,.T.);
#1299=ADVANCED_FACE('',(#75),#22,.T.);
#1300=ADVANCED_FACE('',(#76),#23,.T.);
#1301=ADVANCED_FACE('',(#77),#1277,.T.);
#1302=ADVANCED_FACE('',(#78),#24,.T.);
#1303=ADVANCED_FACE('',(#79),#25,.T.);
#1304=ADVANCED_FACE('',(#80),#26,.T.);
#1305=ADVANCED_FACE('',(#81),#1278,.T.);
#1306=ADVANCED_FACE('',(#82),#27,.T.);
#1307=ADVANCED_FACE('',(#83),#28,.T.);
#1308=ADVANCED_FACE('',(#84),#29,.T.);
#1309=ADVANCED_FACE('',(#85),#1279,.T.);
#1310=ADVANCED_FACE('',(#86),#30,.T.);
#1311=ADVANCED_FACE('',(#87),#31,.T.);
#1312=ADVANCED_FACE('',(#88),#32,.T.);
#1313=ADVANCED_FACE('',(#89),#1280,.T.);
#1314=ADVANCED_FACE('',(#90),#33,.T.);
#1315=ADVANCED_FACE('',(#91),#34,.T.);
#1316=ADVANCED_FACE('',(#92),#35,.T.);
#1317=ADVANCED_FACE('',(#93),#1281,.T.);
#1318=ADVANCED_FACE('',(#94),#36,.T.);
#1319=ADVANCED_FACE('',(#95),#37,.T.);
#1320=ADVANCED_FACE('',(#96),#38,.T.);
#1321=ADVANCED_FACE('',(#97),#1282,.T.);
#1322=ADVANCED_FACE('',(#98),#39,.T.);
#1323=ADVANCED_FACE('',(#99),#40,.T.);
#1324=ADVANCED_FACE('',(#100),#41,.T.);
#1325=ADVANCED_FACE('',(#101),#1283,.T.);
#1326=ADVANCED_FACE('',(#102),#42,.T.);
#1327=ADVANCED_FACE('',(#103),#43,.T.);
#1328=ADVANCED_FACE('',(#104),#44,.T.);
#1329=ADVANCED_FACE('',(#105),#1284,.T.);
#1330=ADVANCED_FACE('',(#106),#45,.T.);
#1331=ADVANCED_FACE('',(#107),#46,.T.);
#1332=ADVANCED_FACE('',(#108),#47,.T.);
#1333=ADVANCED_FACE('',(#109),#1285,.T.);
#1334=ADVANCED_FACE('',(#110),#48,.T.);
#1335=ADVANCED_FACE('',(#111),#49,.T.);
#1336=ADVANCED_FACE('',(#112),#50,.T.);
#1337=ADVANCED_FACE('',(#113),#1286,.T.);
#1338=ADVANCED_FACE('',(#114),#51,.T.);
#1339=ADVANCED_FACE('',(#115),#52,.T.);
#1340=ADVANCED_FACE('',(#116),#53,.T.);
#1341=ADVANCED_FACE('',(#117),#1287,.T.);
#1342=ADVANCED_FACE('',(#118),#54,.T.);
#1343=ADVANCED_FACE('',(#119),#55,.T.);
#1344=ADVANCED_FACE('',(#120),#56,.T.);
#1345=ADVANCED_FACE('',(#121),#1288,.T.);
#1346=ADVANCED_FACE('',(#122),#57,.T.);
#1347=ADVANCED_FACE('',(#123),#58,.T.);
#1348=ADVANCED_FACE('',(#124),#59,.T.);
#1349=ADVANCED_FACE('',(#125),#1289,.T.);
#1350=ADVANCED_FACE('',(#126),#60,.T.);
#1351=ADVANCED_FACE('',(#127),#61,.T.);
#1352=ADVANCED_FACE('',(#128),#62,.T.);
#1353=ADVANCED_FACE('',(#129),#1290,.T.);
#1354=ADVANCED_FACE('',(#130),#63,.T.);
#1355=ADVANCED_FACE('',(#131),#64,.T.);
#1356=ADVANCED_FACE('',(#132,#15),#65,.T.);
#1357=ADVANCED_FACE('',(#133,#16),#66,.F.);
#1358=CLOSED_SHELL('',(#1291,#1292,#1293,#1294,#1295,#1296,#1297,#1298,
#1299,#1300,#1301,#1302,#1303,#1304,#1305,#1306,#1307,#1308,#1309,#1310,
#1311,#1312,#1313,#1314,#1315,#1316,#1317,#1318,#1319,#1320,#1321,#1322,
#1323,#1324,#1325,#1326,#1327,#1328,#1329,#1330,#1331,#1332,#1333,#1334,
#1335,#1336,#1337,#1338,#1339,#1340,#1341,#1342,#1343,#1344,#1345,#1346,
#1347,#1348,#1349,#1350,#1351,#1352,#1353,#1354,#1355,#1356,#1357));
#1359=DERIVED_UNIT_ELEMENT(#1361,1.);
#1360=DERIVED_UNIT_ELEMENT(#2236,-3.);
#1361=(
MASS_UNIT()
NAMED_UNIT(*)
SI_UNIT(.KILO.,.GRAM.)
);
#1362=DERIVED_UNIT((#1359,#1360));
#1363=MEASURE_REPRESENTATION_ITEM('density measure',
POSITIVE_RATIO_MEASURE(7850.),#1362);
#1364=PROPERTY_DEFINITION_REPRESENTATION(#1369,#1366);
#1365=PROPERTY_DEFINITION_REPRESENTATION(#1370,#1367);
#1366=REPRESENTATION('material name',(#1368),#2233);
#1367=REPRESENTATION('density',(#1363),#2233);
#1368=DESCRIPTIVE_REPRESENTATION_ITEM('Steel','Steel');
#1369=PROPERTY_DEFINITION('material property','material name',#2243);
#1370=PROPERTY_DEFINITION('material property','density of part',#2243);
#1371=AXIS2_PLACEMENT_3D('',#1838,#1473,#1474);
#1372=AXIS2_PLACEMENT_3D('',#1839,#1475,#1476);
#1373=AXIS2_PLACEMENT_3D('',#1841,#1477,#1478);
#1374=AXIS2_PLACEMENT_3D('',#1844,#1480,#1481);
#1375=AXIS2_PLACEMENT_3D('',#1845,#1482,#1483);
#1376=AXIS2_PLACEMENT_3D('',#1854,#1488,#1489);
#1377=AXIS2_PLACEMENT_3D('',#1856,#1490,#1491);
#1378=AXIS2_PLACEMENT_3D('',#1858,#1492,#1493);
#1379=AXIS2_PLACEMENT_3D('',#1860,#1495,#1496);
#1380=AXIS2_PLACEMENT_3D('',#1866,#1500,#1501);
#1381=AXIS2_PLACEMENT_3D('',#1872,#1505,#1506);
#1382=AXIS2_PLACEMENT_3D('',#1878,#1510,#1511);
#1383=AXIS2_PLACEMENT_3D('',#1880,#1512,#1513);
#1384=AXIS2_PLACEMENT_3D('',#1882,#1514,#1515);
#1385=AXIS2_PLACEMENT_3D('',#1884,#1517,#1518);
#1386=AXIS2_PLACEMENT_3D('',#1890,#1522,#1523);
#1387=AXIS2_PLACEMENT_3D('',#1896,#1527,#1528);
#1388=AXIS2_PLACEMENT_3D('',#1902,#1532,#1533);
#1389=AXIS2_PLACEMENT_3D('',#1904,#1534,#1535);
#1390=AXIS2_PLACEMENT_3D('',#1906,#1536,#1537);
#1391=AXIS2_PLACEMENT_3D('',#1908,#1539,#1540);
#1392=AXIS2_PLACEMENT_3D('',#1914,#1544,#1545);
#1393=AXIS2_PLACEMENT_3D('',#1920,#1549,#1550);
#1394=AXIS2_PLACEMENT_3D('',#1926,#1554,#1555);
#1395=AXIS2_PLACEMENT_3D('',#1928,#1556,#1557);
#1396=AXIS2_PLACEMENT_3D('',#1930,#1558,#1559);
#1397=AXIS2_PLACEMENT_3D('',#1932,#1561,#1562);
#1398=AXIS2_PLACEMENT_3D('',#1938,#1566,#1567);
#1399=AXIS2_PLACEMENT_3D('',#1944,#1571,#1572);
#1400=AXIS2_PLACEMENT_3D('',#1950,#1576,#1577);
#1401=AXIS2_PLACEMENT_3D('',#1952,#1578,#1579);
#1402=AXIS2_PLACEMENT_3D('',#1954,#1580,#1581);
#1403=AXIS2_PLACEMENT_3D('',#1956,#1583,#1584);
#1404=AXIS2_PLACEMENT_3D('',#1962,#1588,#1589);
#1405=AXIS2_PLACEMENT_3D('',#1968,#1593,#1594);
#1406=AXIS2_PLACEMENT_3D('',#1974,#1598,#1599);
#1407=AXIS2_PLACEMENT_3D('',#1976,#1600,#1601);
#1408=AXIS2_PLACEMENT_3D('',#1978,#1602,#1603);
#1409=AXIS2_PLACEMENT_3D('',#1980,#1605,#1606);
#1410=AXIS2_PLACEMENT_3D('',#1986,#1610,#1611);
#1411=AXIS2_PLACEMENT_3D('',#1992,#1615,#1616);
#1412=AXIS2_PLACEMENT_3D('',#1998,#1620,#1621);
#1413=AXIS2_PLACEMENT_3D('',#2000,#1622,#1623);
#1414=AXIS2_PLACEMENT_3D('',#2002,#1624,#1625);
#1415=AXIS2_PLACEMENT_3D('',#2004,#1627,#1628);
#1416=AXIS2_PLACEMENT_3D('',#2010,#1632,#1633);
#1417=AXIS2_PLACEMENT_3D('',#2016,#1637,#1638);
#1418=AXIS2_PLACEMENT_3D('',#2022,#1642,#1643);
#1419=AXIS2_PLACEMENT_3D('',#2024,#1644,#1645);
#1420=AXIS2_PLACEMENT_3D('',#2026,#1646,#1647);
#1421=AXIS2_PLACEMENT_3D('',#2028,#1649,#1650);
#1422=AXIS2_PLACEMENT_3D('',#2034,#1654,#1655);
#1423=AXIS2_PLACEMENT_3D('',#2040,#1659,#1660);
#1424=AXIS2_PLACEMENT_3D('',#2046,#1664,#1665);
#1425=AXIS2_PLACEMENT_3D('',#2048,#1666,#1667);
#1426=AXIS2_PLACEMENT_3D('',#2050,#1668,#1669);
#1427=AXIS2_PLACEMENT_3D('',#2052,#1671,#1672);
#1428=AXIS2_PLACEMENT_3D('',#2058,#1676,#1677);
#1429=AXIS2_PLACEMENT_3D('',#2064,#1681,#1682);
#1430=AXIS2_PLACEMENT_3D('',#2070,#1686,#1687);
#1431=AXIS2_PLACEMENT_3D('',#2072,#1688,#1689);
#1432=AXIS2_PLACEMENT_3D('',#2074,#1690,#1691);
#1433=AXIS2_PLACEMENT_3D('',#2076,#1693,#1694);
#1434=AXIS2_PLACEMENT_3D('',#2082,#1698,#1699);
#1435=AXIS2_PLACEMENT_3D('',#2088,#1703,#1704);
#1436=AXIS2_PLACEMENT_3D('',#2094,#1708,#1709);
#1437=AXIS2_PLACEMENT_3D('',#2096,#1710,#1711);
#1438=AXIS2_PLACEMENT_3D('',#2098,#1712,#1713);
#1439=AXIS2_PLACEMENT_3D('',#2100,#1715,#1716);
#1440=AXIS2_PLACEMENT_3D('',#2106,#1720,#1721);
#1441=AXIS2_PLACEMENT_3D('',#2112,#1725,#1726);
#1442=AXIS2_PLACEMENT_3D('',#2118,#1730,#1731);
#1443=AXIS2_PLACEMENT_3D('',#2120,#1732,#1733);
#1444=AXIS2_PLACEMENT_3D('',#2122,#1734,#1735);
#1445=AXIS2_PLACEMENT_3D('',#2124,#1737,#1738);
#1446=AXIS2_PLACEMENT_3D('',#2130,#1742,#1743);
#1447=AXIS2_PLACEMENT_3D('',#2136,#1747,#1748);
#1448=AXIS2_PLACEMENT_3D('',#2142,#1752,#1753);
#1449=AXIS2_PLACEMENT_3D('',#2144,#1754,#1755);
#1450=AXIS2_PLACEMENT_3D('',#2146,#1756,#1757);
#1451=AXIS2_PLACEMENT_3D('',#2148,#1759,#1760);
#1452=AXIS2_PLACEMENT_3D('',#2154,#1764,#1765);
#1453=AXIS2_PLACEMENT_3D('',#2160,#1769,#1770);
#1454=AXIS2_PLACEMENT_3D('',#2166,#1774,#1775);
#1455=AXIS2_PLACEMENT_3D('',#2168,#1776,#1777);
#1456=AXIS2_PLACEMENT_3D('',#2170,#1778,#1779);
#1457=AXIS2_PLACEMENT_3D('',#2172,#1781,#1782);
#1458=AXIS2_PLACEMENT_3D('',#2178,#1786,#1787);
#1459=AXIS2_PLACEMENT_3D('',#2184,#1791,#1792);
#1460=AXIS2_PLACEMENT_3D('',#2190,#1796,#1797);
#1461=AXIS2_PLACEMENT_3D('',#2192,#1798,#1799);
#1462=AXIS2_PLACEMENT_3D('',#2194,#1800,#1801);
#1463=AXIS2_PLACEMENT_3D('',#2196,#1803,#1804);
#1464=AXIS2_PLACEMENT_3D('',#2202,#1808,#1809);
#1465=AXIS2_PLACEMENT_3D('',#2208,#1813,#1814);
#1466=AXIS2_PLACEMENT_3D('',#2214,#1818,#1819);
#1467=AXIS2_PLACEMENT_3D('',#2216,#1820,#1821);
#1468=AXIS2_PLACEMENT_3D('',#2218,#1822,#1823);
#1469=AXIS2_PLACEMENT_3D('',#2220,#1825,#1826);
#1470=AXIS2_PLACEMENT_3D('',#2226,#1830,#1831);
#1471=AXIS2_PLACEMENT_3D('',#2229,#1834,#1835);
#1472=AXIS2_PLACEMENT_3D('',#2230,#1836,#1837);
#1473=DIRECTION('axis',(0.,0.,1.));
#1474=DIRECTION('refdir',(1.,0.,0.));
#1475=DIRECTION('center_axis',(0.,1.,0.));
#1476=DIRECTION('ref_axis',(1.,0.,0.));
#1477=DIRECTION('center_axis',(0.,-1.,0.));
#1478=DIRECTION('ref_axis',(1.,0.,0.));
#1479=DIRECTION('',(0.,-1.,0.));
#1480=DIRECTION('center_axis',(0.,-1.,0.));
#1481=DIRECTION('ref_axis',(1.,0.,0.));
#1482=DIRECTION('center_axis',(-0.923879532511287,0.,0.38268343236509));
#1483=DIRECTION('ref_axis',(0.38268343236509,0.,0.923879532511287));
#1484=DIRECTION('',(-0.38268343236509,0.,-0.923879532511287));
#1485=DIRECTION('',(0.,1.,0.));
#1486=DIRECTION('',(0.38268343236509,0.,0.923879532511287));
#1487=DIRECTION('',(0.,1.,0.));
#1488=DIRECTION('center_axis',(0.,1.,0.));
#1489=DIRECTION('ref_axis',(0.128205128205128,0.,0.991747672093011));
#1490=DIRECTION('center_axis',(0.,1.,0.));
#1491=DIRECTION('ref_axis',(0.128205128205128,0.,0.991747672093011));
#1492=DIRECTION('center_axis',(0.,1.,0.));
#1493=DIRECTION('ref_axis',(0.128205128205128,0.,0.991747672093011));
#1494=DIRECTION('',(0.,1.,0.));
#1495=DIRECTION('center_axis',(1.,0.,-8.78085245888454E-17));
#1496=DIRECTION('ref_axis',(-8.78085245888454E-17,0.,-1.));
#1497=DIRECTION('',(-8.78085245888454E-17,0.,-1.));
#1498=DIRECTION('',(-8.78085245888454E-17,0.,-1.));
#1499=DIRECTION('',(0.,1.,0.));
#1500=DIRECTION('center_axis',(0.,0.,1.));
#1501=DIRECTION('ref_axis',(1.,0.,0.));
#1502=DIRECTION('',(-1.,0.,0.));
#1503=DIRECTION('',(1.,0.,0.));
#1504=DIRECTION('',(0.,1.,0.));
#1505=DIRECTION('center_axis',(-1.,0.,-8.78085245888454E-17));
#1506=DIRECTION('ref_axis',(-8.78085245888454E-17,0.,1.));
#1507=DIRECTION('',(8.78085245888454E-17,0.,-1.));
#1508=DIRECTION('',(-8.78085245888454E-17,0.,1.));
#1509=DIRECTION('',(0.,1.,0.));
#1510=DIRECTION('center_axis',(0.,1.,0.));
#1511=DIRECTION('ref_axis',(-0.261079309284938,0.,0.965317354170793));
#1512=DIRECTION('center_axis',(0.,1.,0.));
#1513=DIRECTION('ref_axis',(-0.261079309284938,0.,0.965317354170793));
#1514=DIRECTION('center_axis',(0.,1.,0.));
#1515=DIRECTION('ref_axis',(-0.261079309284938,0.,0.965317354170793));
#1516=DIRECTION('',(0.,1.,0.));
#1517=DIRECTION('center_axis',(0.923879532511286,0.,0.382683432365091));
#1518=DIRECTION('ref_axis',(0.382683432365091,0.,-0.923879532511286));
#1519=DIRECTION('',(0.382683432365091,0.,-0.923879532511286));
#1520=DIRECTION('',(0.382683432365091,0.,-0.923879532511286));
#1521=DIRECTION('',(0.,1.,0.));
#1522=DIRECTION('center_axis',(-0.382683432365091,0.,0.923879532511287));
#1523=DIRECTION('ref_axis',(0.923879532511286,0.,0.382683432365091));
#1524=DIRECTION('',(-0.923879532511286,0.,-0.382683432365091));
#1525=DIRECTION('',(0.923879532511286,0.,0.382683432365091));
#1526=DIRECTION('',(0.,1.,0.));
#1527=DIRECTION('center_axis',(-0.923879532511287,0.,-0.382683432365091));
#1528=DIRECTION('ref_axis',(-0.382683432365091,0.,0.923879532511286));
#1529=DIRECTION('',(0.382683432365091,0.,-0.923879532511286));
#1530=DIRECTION('',(-0.382683432365091,0.,0.923879532511286));
#1531=DIRECTION('',(0.,1.,0.));
#1532=DIRECTION('center_axis',(0.,1.,0.));
#1533=DIRECTION('ref_axis',(-0.610616788626204,0.,0.791926219699677));
#1534=DIRECTION('center_axis',(0.,1.,0.));
#1535=DIRECTION('ref_axis',(-0.610616788626204,0.,0.791926219699677));
#1536=DIRECTION('center_axis',(0.,1.,0.));
#1537=DIRECTION('ref_axis',(-0.610616788626204,0.,0.791926219699677));
#1538=DIRECTION('',(0.,1.,0.));
#1539=DIRECTION('center_axis',(0.707106781186547,0.,0.707106781186548));
#1540=DIRECTION('ref_axis',(0.707106781186548,0.,-0.707106781186547));
#1541=DIRECTION('',(0.707106781186548,0.,-0.707106781186547));
#1542=DIRECTION('',(0.707106781186548,0.,-0.707106781186547));
#1543=DIRECTION('',(0.,1.,0.));
#1544=DIRECTION('center_axis',(-0.707106781186548,0.,0.707106781186547));
#1545=DIRECTION('ref_axis',(0.707106781186547,0.,0.707106781186548));
#1546=DIRECTION('',(-0.707106781186547,0.,-0.707106781186548));
#1547=DIRECTION('',(0.707106781186547,0.,0.707106781186548));
#1548=DIRECTION('',(0.,1.,0.));
#1549=DIRECTION('center_axis',(-0.707106781186547,0.,-0.707106781186548));
#1550=DIRECTION('ref_axis',(-0.707106781186548,0.,0.707106781186547));
#1551=DIRECTION('',(0.707106781186548,0.,-0.707106781186547));
#1552=DIRECTION('',(-0.707106781186548,0.,0.707106781186547));
#1553=DIRECTION('',(0.,1.,0.));
#1554=DIRECTION('center_axis',(0.,1.,0.));
#1555=DIRECTION('ref_axis',(-0.867193397154103,0.,0.497971497108344));
#1556=DIRECTION('center_axis',(0.,1.,0.));
#1557=DIRECTION('ref_axis',(-0.867193397154103,0.,0.497971497108344));
#1558=DIRECTION('center_axis',(0.,1.,0.));
#1559=DIRECTION('ref_axis',(-0.867193397154103,0.,0.497971497108344));
#1560=DIRECTION('',(0.,1.,0.));
#1561=DIRECTION('center_axis',(0.38268343236509,0.,0.923879532511287));
#1562=DIRECTION('ref_axis',(0.923879532511287,0.,-0.38268343236509));
#1563=DIRECTION('',(0.923879532511287,0.,-0.38268343236509));
#1564=DIRECTION('',(0.923879532511287,0.,-0.38268343236509));
#1565=DIRECTION('',(0.,1.,0.));
#1566=DIRECTION('center_axis',(-0.923879532511287,0.,0.38268343236509));
#1567=DIRECTION('ref_axis',(0.38268343236509,0.,0.923879532511287));
#1568=DIRECTION('',(-0.38268343236509,0.,-0.923879532511287));
#1569=DIRECTION('',(0.38268343236509,0.,0.923879532511287));
#1570=DIRECTION('',(0.,1.,0.));
#1571=DIRECTION('center_axis',(-0.382683432365089,0.,-0.923879532511287));
#1572=DIRECTION('ref_axis',(-0.923879532511287,0.,0.382683432365089));
#1573=DIRECTION('',(0.923879532511287,0.,-0.382683432365089));
#1574=DIRECTION('',(-0.923879532511287,0.,0.382683432365089));
#1575=DIRECTION('',(0.,1.,0.));
#1576=DIRECTION('center_axis',(0.,1.,0.));
#1577=DIRECTION('ref_axis',(-0.991747672093011,0.,0.128205128205128));
#1578=DIRECTION('center_axis',(0.,1.,0.));
#1579=DIRECTION('ref_axis',(-0.991747672093011,0.,0.128205128205128));
#1580=DIRECTION('center_axis',(0.,1.,0.));
#1581=DIRECTION('ref_axis',(-0.991747672093011,0.,0.128205128205128));
#1582=DIRECTION('',(0.,1.,0.));
#1583=DIRECTION('center_axis',(-1.75617049177691E-16,0.,1.));
#1584=DIRECTION('ref_axis',(1.,0.,1.75617049177691E-16));
#1585=DIRECTION('',(1.,0.,1.75617049177691E-16));
#1586=DIRECTION('',(1.,0.,1.75617049177691E-16));
#1587=DIRECTION('',(0.,1.,0.));
#1588=DIRECTION('center_axis',(-1.,0.,0.));
#1589=DIRECTION('ref_axis',(0.,0.,1.));
#1590=DIRECTION('',(0.,0.,-1.));
#1591=DIRECTION('',(0.,0.,1.));
#1592=DIRECTION('',(0.,1.,0.));
#1593=DIRECTION('center_axis',(1.75617049177691E-16,0.,-1.));
#1594=DIRECTION('ref_axis',(-1.,0.,-1.75617049177691E-16));
#1595=DIRECTION('',(1.,0.,1.75617049177691E-16));
#1596=DIRECTION('',(-1.,0.,-1.75617049177691E-16));
#1597=DIRECTION('',(0.,1.,0.));
#1598=DIRECTION('center_axis',(0.,1.,0.));
#1599=DIRECTION('ref_axis',(-0.965317354170793,0.,-0.261079309284938));
#1600=DIRECTION('center_axis',(0.,1.,0.));
#1601=DIRECTION('ref_axis',(-0.965317354170793,0.,-0.261079309284938));
#1602=DIRECTION('center_axis',(0.,1.,0.));
#1603=DIRECTION('ref_axis',(-0.965317354170793,0.,-0.261079309284938));
#1604=DIRECTION('',(0.,1.,0.));
#1605=DIRECTION('center_axis',(-0.38268343236509,0.,0.923879532511287));
#1606=DIRECTION('ref_axis',(0.923879532511287,0.,0.38268343236509));
#1607=DIRECTION('',(0.923879532511287,0.,0.38268343236509));
#1608=DIRECTION('',(0.923879532511287,0.,0.38268343236509));
#1609=DIRECTION('',(0.,1.,0.));
#1610=DIRECTION('center_axis',(-0.923879532511287,0.,-0.38268343236509));
#1611=DIRECTION('ref_axis',(-0.38268343236509,0.,0.923879532511287));
#1612=DIRECTION('',(0.38268343236509,0.,-0.923879532511287));
#1613=DIRECTION('',(-0.38268343236509,0.,0.923879532511287));
#1614=DIRECTION('',(0.,1.,0.));
#1615=DIRECTION('center_axis',(0.38268343236509,0.,-0.923879532511287));
#1616=DIRECTION('ref_axis',(-0.923879532511287,0.,-0.38268343236509));
#1617=DIRECTION('',(0.923879532511286,0.,0.38268343236509));
#1618=DIRECTION('',(-0.923879532511286,0.,-0.38268343236509));
#1619=DIRECTION('',(0.,1.,0.));
#1620=DIRECTION('center_axis',(0.,1.,0.));
#1621=DIRECTION('ref_axis',(-0.791926219699677,0.,-0.610616788626204));
#1622=DIRECTION('center_axis',(0.,1.,0.));
#1623=DIRECTION('ref_axis',(-0.791926219699677,0.,-0.610616788626204));
#1624=DIRECTION('center_axis',(0.,1.,0.));
#1625=DIRECTION('ref_axis',(-0.791926219699677,0.,-0.610616788626204));
#1626=DIRECTION('',(0.,1.,0.));
#1627=DIRECTION('center_axis',(-0.707106781186548,0.,0.707106781186548));
#1628=DIRECTION('ref_axis',(0.707106781186548,0.,0.707106781186548));
#1629=DIRECTION('',(0.707106781186548,0.,0.707106781186548));
#1630=DIRECTION('',(0.707106781186548,0.,0.707106781186548));
#1631=DIRECTION('',(0.,1.,0.));
#1632=DIRECTION('center_axis',(-0.707106781186548,0.,-0.707106781186548));
#1633=DIRECTION('ref_axis',(-0.707106781186548,0.,0.707106781186548));
#1634=DIRECTION('',(0.707106781186548,0.,-0.707106781186548));
#1635=DIRECTION('',(-0.707106781186548,0.,0.707106781186548));
#1636=DIRECTION('',(0.,1.,0.));
#1637=DIRECTION('center_axis',(0.707106781186548,0.,-0.707106781186548));
#1638=DIRECTION('ref_axis',(-0.707106781186548,0.,-0.707106781186548));
#1639=DIRECTION('',(0.707106781186548,0.,0.707106781186548));
#1640=DIRECTION('',(-0.707106781186548,0.,-0.707106781186548));
#1641=DIRECTION('',(0.,1.,0.));
#1642=DIRECTION('center_axis',(0.,1.,0.));
#1643=DIRECTION('ref_axis',(-0.497971497108344,0.,-0.867193397154103));
#1644=DIRECTION('center_axis',(0.,1.,0.));
#1645=DIRECTION('ref_axis',(-0.497971497108344,0.,-0.867193397154103));
#1646=DIRECTION('center_axis',(0.,1.,0.));
#1647=DIRECTION('ref_axis',(-0.497971497108344,0.,-0.867193397154103));
#1648=DIRECTION('',(0.,1.,0.));
#1649=DIRECTION('center_axis',(-0.923879532511287,0.,0.38268343236509));
#1650=DIRECTION('ref_axis',(0.38268343236509,0.,0.923879532511287));
#1651=DIRECTION('',(0.38268343236509,0.,0.923879532511287));
#1652=DIRECTION('',(0.38268343236509,0.,0.923879532511287));
#1653=DIRECTION('',(0.,1.,0.));
#1654=DIRECTION('center_axis',(-0.38268343236509,0.,-0.923879532511287));
#1655=DIRECTION('ref_axis',(-0.923879532511287,0.,0.38268343236509));
#1656=DIRECTION('',(0.923879532511287,0.,-0.38268343236509));
#1657=DIRECTION('',(-0.923879532511287,0.,0.38268343236509));
#1658=DIRECTION('',(0.,1.,0.));
#1659=DIRECTION('center_axis',(0.923879532511287,0.,-0.38268343236509));
#1660=DIRECTION('ref_axis',(-0.38268343236509,0.,-0.923879532511287));
#1661=DIRECTION('',(0.38268343236509,0.,0.923879532511287));
#1662=DIRECTION('',(-0.38268343236509,0.,-0.923879532511287));
#1663=DIRECTION('',(0.,1.,0.));
#1664=DIRECTION('center_axis',(0.,1.,0.));
#1665=DIRECTION('ref_axis',(-0.128205128205128,0.,-0.991747672093011));
#1666=DIRECTION('center_axis',(0.,1.,0.));
#1667=DIRECTION('ref_axis',(-0.128205128205128,0.,-0.991747672093011));
#1668=DIRECTION('center_axis',(0.,1.,0.));
#1669=DIRECTION('ref_axis',(-0.128205128205128,0.,-0.991747672093011));
#1670=DIRECTION('',(0.,1.,0.));
#1671=DIRECTION('center_axis',(-1.,0.,0.));
#1672=DIRECTION('ref_axis',(0.,0.,1.));
#1673=DIRECTION('',(0.,0.,1.));
#1674=DIRECTION('',(0.,0.,1.));
#1675=DIRECTION('',(0.,1.,0.));
#1676=DIRECTION('center_axis',(0.,0.,-1.));
#1677=DIRECTION('ref_axis',(-1.,0.,0.));
#1678=DIRECTION('',(1.,0.,0.));
#1679=DIRECTION('',(-1.,0.,0.));
#1680=DIRECTION('',(0.,1.,0.));
#1681=DIRECTION('center_axis',(1.,0.,1.75617049177691E-16));
#1682=DIRECTION('ref_axis',(1.75617049177691E-16,0.,-1.));
#1683=DIRECTION('',(-1.75617049177691E-16,0.,1.));
#1684=DIRECTION('',(1.75617049177691E-16,0.,-1.));
#1685=DIRECTION('',(0.,1.,0.));
#1686=DIRECTION('center_axis',(0.,1.,0.));
#1687=DIRECTION('ref_axis',(0.261079309284938,0.,-0.965317354170793));
#1688=DIRECTION('center_axis',(0.,1.,0.));
#1689=DIRECTION('ref_axis',(0.261079309284938,0.,-0.965317354170793));
#1690=DIRECTION('center_axis',(0.,1.,0.));
#1691=DIRECTION('ref_axis',(0.261079309284938,0.,-0.965317354170793));
#1692=DIRECTION('',(0.,1.,0.));
#1693=DIRECTION('center_axis',(-0.923879532511287,0.,-0.38268343236509));
#1694=DIRECTION('ref_axis',(-0.38268343236509,0.,0.923879532511287));
#1695=DIRECTION('',(-0.38268343236509,0.,0.923879532511287));
#1696=DIRECTION('',(-0.38268343236509,0.,0.923879532511287));
#1697=DIRECTION('',(0.,1.,0.));
#1698=DIRECTION('center_axis',(0.38268343236509,0.,-0.923879532511287));
#1699=DIRECTION('ref_axis',(-0.923879532511287,0.,-0.38268343236509));
#1700=DIRECTION('',(0.923879532511287,0.,0.38268343236509));
#1701=DIRECTION('',(-0.923879532511287,0.,-0.38268343236509));
#1702=DIRECTION('',(0.,1.,0.));
#1703=DIRECTION('center_axis',(0.923879532511287,0.,0.382683432365091));
#1704=DIRECTION('ref_axis',(0.382683432365091,0.,-0.923879532511286));
#1705=DIRECTION('',(-0.382683432365091,0.,0.923879532511286));
#1706=DIRECTION('',(0.382683432365091,0.,-0.923879532511286));
#1707=DIRECTION('',(0.,1.,0.));
#1708=DIRECTION('center_axis',(0.,1.,0.));
#1709=DIRECTION('ref_axis',(0.610616788626204,0.,-0.791926219699677));
#1710=DIRECTION('center_axis',(0.,1.,0.));
#1711=DIRECTION('ref_axis',(0.610616788626204,0.,-0.791926219699677));
#1712=DIRECTION('center_axis',(0.,1.,0.));
#1713=DIRECTION('ref_axis',(0.610616788626204,0.,-0.791926219699677));
#1714=DIRECTION('',(0.,1.,0.));
#1715=DIRECTION('center_axis',(-0.707106781186548,0.,-0.707106781186548));
#1716=DIRECTION('ref_axis',(-0.707106781186548,0.,0.707106781186548));
#1717=DIRECTION('',(-0.707106781186548,0.,0.707106781186548));
#1718=DIRECTION('',(-0.707106781186548,0.,0.707106781186548));
#1719=DIRECTION('',(0.,1.,0.));
#1720=DIRECTION('center_axis',(0.707106781186548,0.,-0.707106781186547));
#1721=DIRECTION('ref_axis',(-0.707106781186547,0.,-0.707106781186548));
#1722=DIRECTION('',(0.707106781186547,0.,0.707106781186548));
#1723=DIRECTION('',(-0.707106781186547,0.,-0.707106781186548));
#1724=DIRECTION('',(0.,1.,0.));
#1725=DIRECTION('center_axis',(0.707106781186548,0.,0.707106781186548));
#1726=DIRECTION('ref_axis',(0.707106781186548,0.,-0.707106781186548));
#1727=DIRECTION('',(-0.707106781186548,0.,0.707106781186548));
#1728=DIRECTION('',(0.707106781186548,0.,-0.707106781186548));
#1729=DIRECTION('',(0.,1.,0.));
#1730=DIRECTION('center_axis',(0.,1.,0.));
#1731=DIRECTION('ref_axis',(0.867193397154103,0.,-0.497971497108344));
#1732=DIRECTION('center_axis',(0.,1.,0.));
#1733=DIRECTION('ref_axis',(0.867193397154103,0.,-0.497971497108344));
#1734=DIRECTION('center_axis',(0.,1.,0.));
#1735=DIRECTION('ref_axis',(0.867193397154103,0.,-0.497971497108344));
#1736=DIRECTION('',(0.,1.,0.));
#1737=DIRECTION('center_axis',(-0.38268343236509,0.,-0.923879532511287));
#1738=DIRECTION('ref_axis',(-0.923879532511287,0.,0.38268343236509));
#1739=DIRECTION('',(-0.923879532511287,0.,0.38268343236509));
#1740=DIRECTION('',(-0.923879532511287,0.,0.38268343236509));
#1741=DIRECTION('',(0.,1.,0.));
#1742=DIRECTION('center_axis',(0.923879532511287,0.,-0.38268343236509));
#1743=DIRECTION('ref_axis',(-0.38268343236509,0.,-0.923879532511287));
#1744=DIRECTION('',(0.38268343236509,0.,0.923879532511287));
#1745=DIRECTION('',(-0.38268343236509,0.,-0.923879532511287));
#1746=DIRECTION('',(0.,1.,0.));
#1747=DIRECTION('center_axis',(0.382683432365089,0.,0.923879532511287));
#1748=DIRECTION('ref_axis',(0.923879532511287,0.,-0.382683432365089));
#1749=DIRECTION('',(-0.923879532511287,0.,0.382683432365089));
#1750=DIRECTION('',(0.923879532511287,0.,-0.382683432365089));
#1751=DIRECTION('',(0.,1.,0.));
#1752=DIRECTION('center_axis',(0.,1.,0.));
#1753=DIRECTION('ref_axis',(0.991747672093011,0.,-0.128205128205128));
#1754=DIRECTION('center_axis',(0.,1.,0.));
#1755=DIRECTION('ref_axis',(0.991747672093011,0.,-0.128205128205128));
#1756=DIRECTION('center_axis',(0.,1.,0.));
#1757=DIRECTION('ref_axis',(0.991747672093011,0.,-0.128205128205128));
#1758=DIRECTION('',(0.,1.,0.));
#1759=DIRECTION('center_axis',(-1.75617049177691E-16,0.,-1.));
#1760=DIRECTION('ref_axis',(-1.,0.,1.75617049177691E-16));
#1761=DIRECTION('',(-1.,0.,1.75617049177691E-16));
#1762=DIRECTION('',(-1.,0.,1.75617049177691E-16));
#1763=DIRECTION('',(0.,1.,0.));
#1764=DIRECTION('center_axis',(1.,0.,0.));
#1765=DIRECTION('ref_axis',(0.,0.,-1.));
#1766=DIRECTION('',(0.,0.,1.));
#1767=DIRECTION('',(0.,0.,-1.));
#1768=DIRECTION('',(0.,1.,0.));
#1769=DIRECTION('center_axis',(2.63425573766536E-16,0.,1.));
#1770=DIRECTION('ref_axis',(1.,0.,-2.63425573766536E-16));
#1771=DIRECTION('',(-1.,0.,2.63425573766536E-16));
#1772=DIRECTION('',(1.,0.,-2.63425573766536E-16));
#1773=DIRECTION('',(0.,1.,0.));
#1774=DIRECTION('center_axis',(0.,1.,0.));
#1775=DIRECTION('ref_axis',(0.965317354170793,0.,0.261079309284938));
#1776=DIRECTION('center_axis',(0.,1.,0.));
#1777=DIRECTION('ref_axis',(0.965317354170793,0.,0.261079309284938));
#1778=DIRECTION('center_axis',(0.,1.,0.));
#1779=DIRECTION('ref_axis',(0.965317354170793,0.,0.261079309284938));
#1780=DIRECTION('',(0.,1.,0.));
#1781=DIRECTION('center_axis',(0.38268343236509,0.,-0.923879532511287));
#1782=DIRECTION('ref_axis',(-0.923879532511287,0.,-0.38268343236509));
#1783=DIRECTION('',(-0.923879532511287,0.,-0.38268343236509));
#1784=DIRECTION('',(-0.923879532511287,0.,-0.38268343236509));
#1785=DIRECTION('',(0.,1.,0.));
#1786=DIRECTION('center_axis',(0.923879532511287,0.,0.38268343236509));
#1787=DIRECTION('ref_axis',(0.38268343236509,0.,-0.923879532511287));
#1788=DIRECTION('',(-0.38268343236509,0.,0.923879532511287));
#1789=DIRECTION('',(0.38268343236509,0.,-0.923879532511287));
#1790=DIRECTION('',(0.,1.,0.));
#1791=DIRECTION('center_axis',(-0.382683432365089,0.,0.923879532511287));
#1792=DIRECTION('ref_axis',(0.923879532511287,0.,0.382683432365089));
#1793=DIRECTION('',(-0.923879532511287,0.,-0.382683432365089));
#1794=DIRECTION('',(0.923879532511287,0.,0.382683432365089));
#1795=DIRECTION('',(0.,1.,0.));
#1796=DIRECTION('center_axis',(0.,1.,0.));
#1797=DIRECTION('ref_axis',(0.791926219699678,0.,0.610616788626204));
#1798=DIRECTION('center_axis',(0.,1.,0.));
#1799=DIRECTION('ref_axis',(0.791926219699678,0.,0.610616788626204));
#1800=DIRECTION('center_axis',(0.,1.,0.));
#1801=DIRECTION('ref_axis',(0.791926219699678,0.,0.610616788626204));
#1802=DIRECTION('',(0.,1.,0.));
#1803=DIRECTION('center_axis',(0.707106781186547,0.,-0.707106781186548));
#1804=DIRECTION('ref_axis',(-0.707106781186548,0.,-0.707106781186547));
#1805=DIRECTION('',(-0.707106781186548,0.,-0.707106781186547));
#1806=DIRECTION('',(-0.707106781186548,0.,-0.707106781186547));
#1807=DIRECTION('',(0.,1.,0.));
#1808=DIRECTION('center_axis',(0.707106781186548,0.,0.707106781186547));
#1809=DIRECTION('ref_axis',(0.707106781186547,0.,-0.707106781186548));
#1810=DIRECTION('',(-0.707106781186547,0.,0.707106781186548));
#1811=DIRECTION('',(0.707106781186547,0.,-0.707106781186548));
#1812=DIRECTION('',(0.,1.,0.));
#1813=DIRECTION('center_axis',(-0.707106781186548,0.,0.707106781186547));
#1814=DIRECTION('ref_axis',(0.707106781186547,0.,0.707106781186548));
#1815=DIRECTION('',(-0.707106781186547,0.,-0.707106781186548));
#1816=DIRECTION('',(0.707106781186547,0.,0.707106781186548));
#1817=DIRECTION('',(0.,1.,0.));
#1818=DIRECTION('center_axis',(0.,1.,0.));
#1819=DIRECTION('ref_axis',(0.497971497108344,0.,0.867193397154103));
#1820=DIRECTION('center_axis',(0.,1.,0.));
#1821=DIRECTION('ref_axis',(0.497971497108344,0.,0.867193397154103));
#1822=DIRECTION('center_axis',(0.,1.,0.));
#1823=DIRECTION('ref_axis',(0.497971497108344,0.,0.867193397154103));
#1824=DIRECTION('',(0.,1.,0.));
#1825=DIRECTION('center_axis',(0.923879532511287,0.,-0.38268343236509));
#1826=DIRECTION('ref_axis',(-0.38268343236509,0.,-0.923879532511287));
#1827=DIRECTION('',(-0.38268343236509,0.,-0.923879532511287));
#1828=DIRECTION('',(-0.38268343236509,0.,-0.923879532511287));
#1829=DIRECTION('',(0.,1.,0.));
#1830=DIRECTION('center_axis',(0.38268343236509,0.,0.923879532511287));
#1831=DIRECTION('ref_axis',(0.923879532511287,0.,-0.38268343236509));
#1832=DIRECTION('',(0.923879532511287,0.,-0.38268343236509));
#1833=DIRECTION('',(0.923879532511287,0.,-0.38268343236509));
#1834=DIRECTION('center_axis',(0.,1.,0.));
#1835=DIRECTION('ref_axis',(1.,0.,0.));
#1836=DIRECTION('center_axis',(0.,1.,0.));
#1837=DIRECTION('ref_axis',(1.,0.,0.));
#1838=CARTESIAN_POINT('',(0.,0.,0.));
#1839=CARTESIAN_POINT('Origin',(0.,0.,0.));
#1840=CARTESIAN_POINT('',(-25.,10.,3.06161699786838E-15));
#1841=CARTESIAN_POINT('Origin',(0.,10.,0.));
#1842=CARTESIAN_POINT('',(-25.,0.,3.06161699786838E-15));
#1843=CARTESIAN_POINT('',(-25.,0.,3.06161699786838E-15));
#1844=CARTESIAN_POINT('Origin',(0.,0.,0.));
#1845=CARTESIAN_POINT('Origin',(10.1820930621126,0.,37.6473768126609));
#1846=CARTESIAN_POINT('',(12.6013567938726,0.,43.4879961248333));
#1847=CARTESIAN_POINT('',(10.1820930621126,0.,37.6473768126609));
#1848=CARTESIAN_POINT('',(12.6013567938726,0.,43.4879961248333));
#1849=CARTESIAN_POINT('',(12.6013567938726,10.,43.4879961248333));
#1850=CARTESIAN_POINT('',(12.6013567938726,0.,43.4879961248333));
#1851=CARTESIAN_POINT('',(10.1820930621126,10.,37.6473768126609));
#1852=CARTESIAN_POINT('',(12.6013567938726,10.,43.4879961248333));
#1853=CARTESIAN_POINT('',(10.1820930621126,0.,37.6473768126609));
#1854=CARTESIAN_POINT('Origin',(0.,0.,0.));
#1855=CARTESIAN_POINT('',(5.,0.,38.6781592116274));
#1856=CARTESIAN_POINT('Origin',(0.,0.,0.));
#1857=CARTESIAN_POINT('',(5.,10.,38.6781592116274));
#1858=CARTESIAN_POINT('Origin',(0.,10.,0.));
#1859=CARTESIAN_POINT('',(5.,0.,38.6781592116274));
#1860=CARTESIAN_POINT('Origin',(5.,0.,45.));
#1861=CARTESIAN_POINT('',(5.,0.,45.));
#1862=CARTESIAN_POINT('',(5.,0.,45.));
#1863=CARTESIAN_POINT('',(5.,10.,45.));
#1864=CARTESIAN_POINT('',(5.,10.,45.));
#1865=CARTESIAN_POINT('',(5.,0.,45.));
#1866=CARTESIAN_POINT('Origin',(-5.,0.,45.));
#1867=CARTESIAN_POINT('',(-5.,0.,45.));
#1868=CARTESIAN_POINT('',(0.,0.,45.));
#1869=CARTESIAN_POINT('',(-5.,10.,45.));
#1870=CARTESIAN_POINT('',(0.,10.,45.));
#1871=CARTESIAN_POINT('',(-5.,0.,45.));
#1872=CARTESIAN_POINT('Origin',(-5.,0.,38.6781592116274));
#1873=CARTESIAN_POINT('',(-4.99999999999997,0.,38.6781592116274));
#1874=CARTESIAN_POINT('',(-5.,0.,45.));
#1875=CARTESIAN_POINT('',(-4.99999999999997,10.,38.6781592116274));
#1876=CARTESIAN_POINT('',(-5.,10.,45.));
#1877=CARTESIAN_POINT('',(-4.99999999999997,0.,38.6781592116274));
#1878=CARTESIAN_POINT('Origin',(0.,0.,0.));
#1879=CARTESIAN_POINT('',(-10.1820930621126,0.,37.6473768126609));
#1880=CARTESIAN_POINT('Origin',(0.,0.,0.));
#1881=CARTESIAN_POINT('',(-10.1820930621126,10.,37.6473768126609));
#1882=CARTESIAN_POINT('Origin',(0.,10.,0.));
#1883=CARTESIAN_POINT('',(-10.1820930621126,0.,37.6473768126609));
#1884=CARTESIAN_POINT('Origin',(-12.6013567938726,0.,43.4879961248333));
#1885=CARTESIAN_POINT('',(-12.6013567938726,0.,43.4879961248333));
#1886=CARTESIAN_POINT('',(-12.6013567938726,0.,43.4879961248333));
#1887=CARTESIAN_POINT('',(-12.6013567938726,10.,43.4879961248333));
#1888=CARTESIAN_POINT('',(-12.6013567938726,10.,43.4879961248333));
#1889=CARTESIAN_POINT('',(-12.6013567938726,0.,43.4879961248333));
#1890=CARTESIAN_POINT('Origin',(-21.8401521189855,0.,39.6611618011824));
#1891=CARTESIAN_POINT('',(-21.8401521189855,0.,39.6611618011824));
#1892=CARTESIAN_POINT('',(-17.2207544564291,0.,41.5745789630079));
#1893=CARTESIAN_POINT('',(-21.8401521189855,10.,39.6611618011824));
#1894=CARTESIAN_POINT('',(-17.2207544564291,10.,41.5745789630079));
#1895=CARTESIAN_POINT('',(-21.8401521189855,0.,39.6611618011824));
#1896=CARTESIAN_POINT('Origin',(-19.4208883872255,0.,33.82054248901));
#1897=CARTESIAN_POINT('',(-19.4208883872255,0.,33.82054248901));
#1898=CARTESIAN_POINT('',(-21.8401521189855,0.,39.6611618011824));
#1899=CARTESIAN_POINT('',(-19.4208883872255,10.,33.82054248901));
#1900=CARTESIAN_POINT('',(-21.8401521189855,10.,39.6611618011824));
#1901=CARTESIAN_POINT('',(-19.4208883872255,0.,33.82054248901));
#1902=CARTESIAN_POINT('Origin',(0.,0.,0.));
#1903=CARTESIAN_POINT('',(-23.814054756422,0.,30.8851225682874));
#1904=CARTESIAN_POINT('Origin',(0.,0.,0.));
#1905=CARTESIAN_POINT('',(-23.814054756422,10.,30.8851225682874));
#1906=CARTESIAN_POINT('Origin',(0.,10.,0.));
#1907=CARTESIAN_POINT('',(-23.814054756422,0.,30.8851225682874));
#1908=CARTESIAN_POINT('Origin',(-28.2842712474619,0.,35.3553390593274));
#1909=CARTESIAN_POINT('',(-28.2842712474619,0.,35.3553390593274));
#1910=CARTESIAN_POINT('',(-28.2842712474619,0.,35.3553390593274));
#1911=CARTESIAN_POINT('',(-28.2842712474619,10.,35.3553390593274));
#1912=CARTESIAN_POINT('',(-28.2842712474619,10.,35.3553390593274));
#1913=CARTESIAN_POINT('',(-28.2842712474619,0.,35.3553390593274));
#1914=CARTESIAN_POINT('Origin',(-35.3553390593274,0.,28.2842712474619));
#1915=CARTESIAN_POINT('',(-35.3553390593274,0.,28.2842712474619));
#1916=CARTESIAN_POINT('',(-31.8198051533946,0.,31.8198051533946));
#1917=CARTESIAN_POINT('',(-35.3553390593274,10.,28.2842712474619));
#1918=CARTESIAN_POINT('',(-31.8198051533946,10.,31.8198051533946));
#1919=CARTESIAN_POINT('',(-35.3553390593274,0.,28.2842712474619));
#1920=CARTESIAN_POINT('Origin',(-30.8851225682874,0.,23.8140547564219));
#1921=CARTESIAN_POINT('',(-30.8851225682875,0.,23.8140547564219));
#1922=CARTESIAN_POINT('',(-35.3553390593274,0.,28.2842712474619));
#1923=CARTESIAN_POINT('',(-30.8851225682875,10.,23.8140547564219));
#1924=CARTESIAN_POINT('',(-35.3553390593274,10.,28.2842712474619));
#1925=CARTESIAN_POINT('',(-30.8851225682875,0.,23.8140547564219));
#1926=CARTESIAN_POINT('Origin',(0.,0.,0.));
#1927=CARTESIAN_POINT('',(-33.82054248901,0.,19.4208883872254));
#1928=CARTESIAN_POINT('Origin',(0.,0.,0.));
#1929=CARTESIAN_POINT('',(-33.82054248901,10.,19.4208883872254));
#1930=CARTESIAN_POINT('Origin',(0.,10.,0.));
#1931=CARTESIAN_POINT('',(-33.82054248901,0.,19.4208883872254));
#1932=CARTESIAN_POINT('Origin',(-39.6611618011825,0.,21.8401521189855));
#1933=CARTESIAN_POINT('',(-39.6611618011825,0.,21.8401521189855));
#1934=CARTESIAN_POINT('',(-39.6611618011825,0.,21.8401521189855));
#1935=CARTESIAN_POINT('',(-39.6611618011825,10.,21.8401521189855));
#1936=CARTESIAN_POINT('',(-39.6611618011825,10.,21.8401521189855));
#1937=CARTESIAN_POINT('',(-39.6611618011825,0.,21.8401521189855));
#1938=CARTESIAN_POINT('Origin',(-43.4879961248334,0.,12.6013567938726));
#1939=CARTESIAN_POINT('',(-43.4879961248334,0.,12.6013567938726));
#1940=CARTESIAN_POINT('',(-41.5745789630079,0.,17.220754456429));
#1941=CARTESIAN_POINT('',(-43.4879961248334,10.,12.6013567938726));
#1942=CARTESIAN_POINT('',(-41.5745789630079,10.,17.220754456429));
#1943=CARTESIAN_POINT('',(-43.4879961248334,0.,12.6013567938726));
#1944=CARTESIAN_POINT('Origin',(-37.6473768126609,0.,10.1820930621126));
#1945=CARTESIAN_POINT('',(-37.6473768126609,0.,10.1820930621126));
#1946=CARTESIAN_POINT('',(-43.4879961248334,0.,12.6013567938726));
#1947=CARTESIAN_POINT('',(-37.6473768126609,10.,10.1820930621126));
#1948=CARTESIAN_POINT('',(-43.4879961248334,10.,12.6013567938726));
#1949=CARTESIAN_POINT('',(-37.6473768126609,0.,10.1820930621126));
#1950=CARTESIAN_POINT('Origin',(0.,0.,0.));
#1951=CARTESIAN_POINT('',(-38.6781592116274,0.,4.99999999999999));
#1952=CARTESIAN_POINT('Origin',(0.,0.,0.));
#1953=CARTESIAN_POINT('',(-38.6781592116274,10.,4.99999999999999));
#1954=CARTESIAN_POINT('Origin',(0.,10.,0.));
#1955=CARTESIAN_POINT('',(-38.6781592116274,0.,4.99999999999999));
#1956=CARTESIAN_POINT('Origin',(-45.,0.,4.99999999999999));
#1957=CARTESIAN_POINT('',(-45.,0.,4.99999999999999));
#1958=CARTESIAN_POINT('',(-45.,0.,4.99999999999999));
#1959=CARTESIAN_POINT('',(-45.,10.,4.99999999999999));
#1960=CARTESIAN_POINT('',(-45.,10.,4.99999999999999));
#1961=CARTESIAN_POINT('',(-45.,0.,4.99999999999999));
#1962=CARTESIAN_POINT('Origin',(-45.,0.,-5.00000000000001));
#1963=CARTESIAN_POINT('',(-45.,0.,-5.00000000000001));
#1964=CARTESIAN_POINT('',(-45.,0.,-9.99200722162641E-15));
#1965=CARTESIAN_POINT('',(-45.,10.,-5.00000000000001));
#1966=CARTESIAN_POINT('',(-45.,10.,-9.99200722162641E-15));
#1967=CARTESIAN_POINT('',(-45.,0.,-5.00000000000001));
#1968=CARTESIAN_POINT('Origin',(-38.6781592116274,0.,-5.00000000000001));
#1969=CARTESIAN_POINT('',(-38.6781592116274,0.,-5.00000000000009));
#1970=CARTESIAN_POINT('',(-45.,0.,-5.00000000000001));
#1971=CARTESIAN_POINT('',(-38.6781592116274,10.,-5.00000000000009));
#1972=CARTESIAN_POINT('',(-45.,10.,-5.00000000000001));
#1973=CARTESIAN_POINT('',(-38.6781592116274,0.,-5.00000000000009));
#1974=CARTESIAN_POINT('Origin',(0.,0.,0.));
#1975=CARTESIAN_POINT('',(-37.6473768126609,0.,-10.1820930621126));
#1976=CARTESIAN_POINT('Origin',(0.,0.,0.));
#1977=CARTESIAN_POINT('',(-37.6473768126609,10.,-10.1820930621126));
#1978=CARTESIAN_POINT('Origin',(0.,10.,0.));
#1979=CARTESIAN_POINT('',(-37.6473768126609,0.,-10.1820930621126));
#1980=CARTESIAN_POINT('Origin',(-43.4879961248333,0.,-12.6013567938726));
#1981=CARTESIAN_POINT('',(-43.4879961248333,0.,-12.6013567938726));
#1982=CARTESIAN_POINT('',(-43.4879961248333,0.,-12.6013567938726));
#1983=CARTESIAN_POINT('',(-43.4879961248333,10.,-12.6013567938726));
#1984=CARTESIAN_POINT('',(-43.4879961248333,10.,-12.6013567938726));
#1985=CARTESIAN_POINT('',(-43.4879961248333,0.,-12.6013567938726));
#1986=CARTESIAN_POINT('Origin',(-39.6611618011824,0.,-21.8401521189855));
#1987=CARTESIAN_POINT('',(-39.6611618011824,0.,-21.8401521189855));
#1988=CARTESIAN_POINT('',(-41.5745789630079,0.,-17.2207544564291));
#1989=CARTESIAN_POINT('',(-39.6611618011824,10.,-21.8401521189855));
#1990=CARTESIAN_POINT('',(-41.5745789630079,10.,-17.2207544564291));
#1991=CARTESIAN_POINT('',(-39.6611618011824,0.,-21.8401521189855));
#1992=CARTESIAN_POINT('Origin',(-33.82054248901,0.,-19.4208883872254));
#1993=CARTESIAN_POINT('',(-33.82054248901,0.,-19.4208883872255));
#1994=CARTESIAN_POINT('',(-39.6611618011824,0.,-21.8401521189855));
#1995=CARTESIAN_POINT('',(-33.82054248901,10.,-19.4208883872255));
#1996=CARTESIAN_POINT('',(-39.6611618011824,10.,-21.8401521189855));
#1997=CARTESIAN_POINT('',(-33.82054248901,0.,-19.4208883872255));
#1998=CARTESIAN_POINT('Origin',(0.,0.,0.));
#1999=CARTESIAN_POINT('',(-30.8851225682874,0.,-23.8140547564219));
#2000=CARTESIAN_POINT('Origin',(0.,0.,0.));
#2001=CARTESIAN_POINT('',(-30.8851225682874,10.,-23.8140547564219));
#2002=CARTESIAN_POINT('Origin',(0.,10.,0.));
#2003=CARTESIAN_POINT('',(-30.8851225682874,0.,-23.8140547564219));
#2004=CARTESIAN_POINT('Origin',(-35.3553390593274,0.,-28.2842712474619));
#2005=CARTESIAN_POINT('',(-35.3553390593274,0.,-28.2842712474619));
#2006=CARTESIAN_POINT('',(-35.3553390593274,0.,-28.2842712474619));
#2007=CARTESIAN_POINT('',(-35.3553390593274,10.,-28.2842712474619));
#2008=CARTESIAN_POINT('',(-35.3553390593274,10.,-28.2842712474619));
#2009=CARTESIAN_POINT('',(-35.3553390593274,0.,-28.2842712474619));
#2010=CARTESIAN_POINT('Origin',(-28.2842712474619,0.,-35.3553390593274));
#2011=CARTESIAN_POINT('',(-28.2842712474619,0.,-35.3553390593274));
#2012=CARTESIAN_POINT('',(-31.8198051533946,0.,-31.8198051533946));
#2013=CARTESIAN_POINT('',(-28.2842712474619,10.,-35.3553390593274));
#2014=CARTESIAN_POINT('',(-31.8198051533946,10.,-31.8198051533946));
#2015=CARTESIAN_POINT('',(-28.2842712474619,0.,-35.3553390593274));
#2016=CARTESIAN_POINT('Origin',(-23.8140547564219,0.,-30.8851225682874));
#2017=CARTESIAN_POINT('',(-23.8140547564219,0.,-30.8851225682874));
#2018=CARTESIAN_POINT('',(-28.2842712474619,0.,-35.3553390593274));
#2019=CARTESIAN_POINT('',(-23.8140547564219,10.,-30.8851225682874));
#2020=CARTESIAN_POINT('',(-28.2842712474619,10.,-35.3553390593274));
#2021=CARTESIAN_POINT('',(-23.8140547564219,0.,-30.8851225682874));
#2022=CARTESIAN_POINT('Origin',(0.,0.,0.));
#2023=CARTESIAN_POINT('',(-19.4208883872254,0.,-33.82054248901));
#2024=CARTESIAN_POINT('Origin',(0.,0.,0.));
#2025=CARTESIAN_POINT('',(-19.4208883872254,10.,-33.82054248901));
#2026=CARTESIAN_POINT('Origin',(0.,10.,0.));
#2027=CARTESIAN_POINT('',(-19.4208883872254,0.,-33.82054248901));
#2028=CARTESIAN_POINT('Origin',(-21.8401521189855,0.,-39.6611618011825));
#2029=CARTESIAN_POINT('',(-21.8401521189855,0.,-39.6611618011825));
#2030=CARTESIAN_POINT('',(-21.8401521189855,0.,-39.6611618011825));
#2031=CARTESIAN_POINT('',(-21.8401521189855,10.,-39.6611618011825));
#2032=CARTESIAN_POINT('',(-21.8401521189855,10.,-39.6611618011825));
#2033=CARTESIAN_POINT('',(-21.8401521189855,0.,-39.6611618011825));
#2034=CARTESIAN_POINT('Origin',(-12.6013567938726,0.,-43.4879961248333));
#2035=CARTESIAN_POINT('',(-12.6013567938726,0.,-43.4879961248333));
#2036=CARTESIAN_POINT('',(-17.220754456429,0.,-41.5745789630079));
#2037=CARTESIAN_POINT('',(-12.6013567938726,10.,-43.4879961248333));
#2038=CARTESIAN_POINT('',(-17.220754456429,10.,-41.5745789630079));
#2039=CARTESIAN_POINT('',(-12.6013567938726,0.,-43.4879961248333));
#2040=CARTESIAN_POINT('Origin',(-10.1820930621126,0.,-37.6473768126609));
#2041=CARTESIAN_POINT('',(-10.1820930621126,0.,-37.6473768126609));
#2042=CARTESIAN_POINT('',(-12.6013567938726,0.,-43.4879961248333));
#2043=CARTESIAN_POINT('',(-10.1820930621126,10.,-37.6473768126609));
#2044=CARTESIAN_POINT('',(-12.6013567938726,10.,-43.4879961248333));
#2045=CARTESIAN_POINT('',(-10.1820930621126,0.,-37.6473768126609));
#2046=CARTESIAN_POINT('Origin',(0.,0.,0.));
#2047=CARTESIAN_POINT('',(-4.99999999999999,0.,-38.6781592116274));
#2048=CARTESIAN_POINT('Origin',(0.,0.,0.));
#2049=CARTESIAN_POINT('',(-4.99999999999999,10.,-38.6781592116274));
#2050=CARTESIAN_POINT('Origin',(0.,10.,0.));
#2051=CARTESIAN_POINT('',(-4.99999999999999,0.,-38.6781592116274));
#2052=CARTESIAN_POINT('Origin',(-4.99999999999999,0.,-45.));
#2053=CARTESIAN_POINT('',(-4.99999999999999,0.,-45.));
#2054=CARTESIAN_POINT('',(-4.99999999999999,0.,-45.));
#2055=CARTESIAN_POINT('',(-5.,10.,-45.));
#2056=CARTESIAN_POINT('',(-4.99999999999999,10.,-45.));
#2057=CARTESIAN_POINT('',(-4.99999999999999,0.,-45.));
#2058=CARTESIAN_POINT('Origin',(5.,0.,-45.));
#2059=CARTESIAN_POINT('',(5.,0.,-45.));
#2060=CARTESIAN_POINT('',(5.51091059616309E-15,0.,-45.));
#2061=CARTESIAN_POINT('',(5.,10.,-45.));
#2062=CARTESIAN_POINT('',(5.51091059616309E-15,10.,-45.));
#2063=CARTESIAN_POINT('',(5.,0.,-45.));
#2064=CARTESIAN_POINT('Origin',(5.,0.,-38.6781592116274));
#2065=CARTESIAN_POINT('',(4.99999999999998,0.,-38.6781592116274));
#2066=CARTESIAN_POINT('',(5.,0.,-45.));
#2067=CARTESIAN_POINT('',(4.99999999999998,10.,-38.6781592116274));
#2068=CARTESIAN_POINT('',(5.,10.,-45.));
#2069=CARTESIAN_POINT('',(4.99999999999998,0.,-38.6781592116274));
#2070=CARTESIAN_POINT('Origin',(0.,0.,0.));
#2071=CARTESIAN_POINT('',(10.1820930621126,0.,-37.6473768126609));
#2072=CARTESIAN_POINT('Origin',(0.,0.,0.));
#2073=CARTESIAN_POINT('',(10.1820930621126,10.,-37.6473768126609));
#2074=CARTESIAN_POINT('Origin',(0.,10.,0.));
#2075=CARTESIAN_POINT('',(10.1820930621126,0.,-37.6473768126609));
#2076=CARTESIAN_POINT('Origin',(12.6013567938726,0.,-43.4879961248333));
#2077=CARTESIAN_POINT('',(12.6013567938726,0.,-43.4879961248333));
#2078=CARTESIAN_POINT('',(12.6013567938726,0.,-43.4879961248333));
#2079=CARTESIAN_POINT('',(12.6013567938726,10.,-43.4879961248333));
#2080=CARTESIAN_POINT('',(12.6013567938726,10.,-43.4879961248333));
#2081=CARTESIAN_POINT('',(12.6013567938726,0.,-43.4879961248333));
#2082=CARTESIAN_POINT('Origin',(21.8401521189855,0.,-39.6611618011825));
#2083=CARTESIAN_POINT('',(21.8401521189855,0.,-39.6611618011825));
#2084=CARTESIAN_POINT('',(17.220754456429,0.,-41.5745789630079));
#2085=CARTESIAN_POINT('',(21.8401521189855,10.,-39.6611618011825));
#2086=CARTESIAN_POINT('',(17.220754456429,10.,-41.5745789630079));
#2087=CARTESIAN_POINT('',(21.8401521189855,0.,-39.6611618011825));
#2088=CARTESIAN_POINT('Origin',(19.4208883872254,0.,-33.82054248901));
#2089=CARTESIAN_POINT('',(19.4208883872255,0.,-33.82054248901));
#2090=CARTESIAN_POINT('',(21.8401521189855,0.,-39.6611618011825));
#2091=CARTESIAN_POINT('',(19.4208883872255,10.,-33.82054248901));
#2092=CARTESIAN_POINT('',(21.8401521189855,10.,-39.6611618011825));
#2093=CARTESIAN_POINT('',(19.4208883872255,0.,-33.82054248901));
#2094=CARTESIAN_POINT('Origin',(0.,0.,0.));
#2095=CARTESIAN_POINT('',(23.814054756422,0.,-30.8851225682874));
#2096=CARTESIAN_POINT('Origin',(0.,0.,0.));
#2097=CARTESIAN_POINT('',(23.814054756422,10.,-30.8851225682874));
#2098=CARTESIAN_POINT('Origin',(0.,10.,0.));
#2099=CARTESIAN_POINT('',(23.814054756422,0.,-30.8851225682874));
#2100=CARTESIAN_POINT('Origin',(28.2842712474619,0.,-35.3553390593274));
#2101=CARTESIAN_POINT('',(28.2842712474619,0.,-35.3553390593274));
#2102=CARTESIAN_POINT('',(28.2842712474619,0.,-35.3553390593274));
#2103=CARTESIAN_POINT('',(28.2842712474619,10.,-35.3553390593274));
#2104=CARTESIAN_POINT('',(28.2842712474619,10.,-35.3553390593274));
#2105=CARTESIAN_POINT('',(28.2842712474619,0.,-35.3553390593274));
#2106=CARTESIAN_POINT('Origin',(35.3553390593274,0.,-28.2842712474619));
#2107=CARTESIAN_POINT('',(35.3553390593274,0.,-28.2842712474619));
#2108=CARTESIAN_POINT('',(31.8198051533946,0.,-31.8198051533946));
#2109=CARTESIAN_POINT('',(35.3553390593274,10.,-28.2842712474619));
#2110=CARTESIAN_POINT('',(31.8198051533946,10.,-31.8198051533946));
#2111=CARTESIAN_POINT('',(35.3553390593274,0.,-28.2842712474619));
#2112=CARTESIAN_POINT('Origin',(30.8851225682874,0.,-23.8140547564219));
#2113=CARTESIAN_POINT('',(30.8851225682875,0.,-23.8140547564219));
#2114=CARTESIAN_POINT('',(35.3553390593274,0.,-28.2842712474619));
#2115=CARTESIAN_POINT('',(30.8851225682875,10.,-23.8140547564219));
#2116=CARTESIAN_POINT('',(35.3553390593274,10.,-28.2842712474619));
#2117=CARTESIAN_POINT('',(30.8851225682875,0.,-23.8140547564219));
#2118=CARTESIAN_POINT('Origin',(0.,0.,0.));
#2119=CARTESIAN_POINT('',(33.82054248901,0.,-19.4208883872254));
#2120=CARTESIAN_POINT('Origin',(0.,0.,0.));
#2121=CARTESIAN_POINT('',(33.82054248901,10.,-19.4208883872254));
#2122=CARTESIAN_POINT('Origin',(0.,10.,0.));
#2123=CARTESIAN_POINT('',(33.82054248901,0.,-19.4208883872254));
#2124=CARTESIAN_POINT('Origin',(39.6611618011825,0.,-21.8401521189855));
#2125=CARTESIAN_POINT('',(39.6611618011825,0.,-21.8401521189855));
#2126=CARTESIAN_POINT('',(39.6611618011825,0.,-21.8401521189855));
#2127=CARTESIAN_POINT('',(39.6611618011825,10.,-21.8401521189855));
#2128=CARTESIAN_POINT('',(39.6611618011825,10.,-21.8401521189855));
#2129=CARTESIAN_POINT('',(39.6611618011825,0.,-21.8401521189855));
#2130=CARTESIAN_POINT('Origin',(43.4879961248334,0.,-12.6013567938726));
#2131=CARTESIAN_POINT('',(43.4879961248334,0.,-12.6013567938726));
#2132=CARTESIAN_POINT('',(41.5745789630079,0.,-17.220754456429));
#2133=CARTESIAN_POINT('',(43.4879961248334,10.,-12.6013567938726));
#2134=CARTESIAN_POINT('',(41.5745789630079,10.,-17.220754456429));
#2135=CARTESIAN_POINT('',(43.4879961248334,0.,-12.6013567938726));
#2136=CARTESIAN_POINT('Origin',(37.6473768126609,0.,-10.1820930621126));
#2137=CARTESIAN_POINT('',(37.6473768126609,0.,-10.1820930621126));
#2138=CARTESIAN_POINT('',(43.4879961248334,0.,-12.6013567938726));
#2139=CARTESIAN_POINT('',(37.6473768126609,10.,-10.1820930621126));
#2140=CARTESIAN_POINT('',(43.4879961248334,10.,-12.6013567938726));
#2141=CARTESIAN_POINT('',(37.6473768126609,0.,-10.1820930621126));
#2142=CARTESIAN_POINT('Origin',(0.,0.,0.));
#2143=CARTESIAN_POINT('',(38.6781592116274,0.,-5.00000000000001));
#2144=CARTESIAN_POINT('Origin',(0.,0.,0.));
#2145=CARTESIAN_POINT('',(38.6781592116274,10.,-5.00000000000001));
#2146=CARTESIAN_POINT('Origin',(0.,10.,0.));
#2147=CARTESIAN_POINT('',(38.6781592116274,0.,-5.00000000000001));
#2148=CARTESIAN_POINT('Origin',(45.,0.,-5.00000000000001));
#2149=CARTESIAN_POINT('',(45.,0.,-5.00000000000001));
#2150=CARTESIAN_POINT('',(45.,0.,-5.00000000000001));
#2151=CARTESIAN_POINT('',(45.,10.,-5.00000000000001));
#2152=CARTESIAN_POINT('',(45.,10.,-5.00000000000001));
#2153=CARTESIAN_POINT('',(45.,0.,-5.00000000000001));
#2154=CARTESIAN_POINT('Origin',(45.,0.,4.99999999999999));
#2155=CARTESIAN_POINT('',(45.,0.,4.99999999999999));
#2156=CARTESIAN_POINT('',(45.,0.,-9.99200722162641E-15));
#2157=CARTESIAN_POINT('',(45.,10.,4.99999999999999));
#2158=CARTESIAN_POINT('',(45.,10.,-9.99200722162641E-15));
#2159=CARTESIAN_POINT('',(45.,0.,4.99999999999999));
#2160=CARTESIAN_POINT('Origin',(38.6781592116274,0.,4.99999999999999));
#2161=CARTESIAN_POINT('',(38.6781592116274,0.,4.99999999999995));
#2162=CARTESIAN_POINT('',(45.,0.,4.99999999999999));
#2163=CARTESIAN_POINT('',(38.6781592116274,10.,4.99999999999995));
#2164=CARTESIAN_POINT('',(45.,10.,4.99999999999999));
#2165=CARTESIAN_POINT('',(38.6781592116274,0.,4.99999999999995));
#2166=CARTESIAN_POINT('Origin',(0.,0.,0.));
#2167=CARTESIAN_POINT('',(37.6473768126609,0.,10.1820930621126));
#2168=CARTESIAN_POINT('Origin',(0.,0.,0.));
#2169=CARTESIAN_POINT('',(37.6473768126609,10.,10.1820930621126));
#2170=CARTESIAN_POINT('Origin',(0.,10.,0.));
#2171=CARTESIAN_POINT('',(37.6473768126609,0.,10.1820930621126));
#2172=CARTESIAN_POINT('Origin',(43.4879961248333,0.,12.6013567938726));
#2173=CARTESIAN_POINT('',(43.4879961248333,0.,12.6013567938726));
#2174=CARTESIAN_POINT('',(43.4879961248333,0.,12.6013567938726));
#2175=CARTESIAN_POINT('',(43.4879961248333,10.,12.6013567938726));
#2176=CARTESIAN_POINT('',(43.4879961248333,10.,12.6013567938726));
#2177=CARTESIAN_POINT('',(43.4879961248333,0.,12.6013567938726));
#2178=CARTESIAN_POINT('Origin',(39.6611618011825,0.,21.8401521189855));
#2179=CARTESIAN_POINT('',(39.6611618011825,0.,21.8401521189855));
#2180=CARTESIAN_POINT('',(41.5745789630079,0.,17.220754456429));
#2181=CARTESIAN_POINT('',(39.6611618011825,10.,21.8401521189855));
#2182=CARTESIAN_POINT('',(41.5745789630079,10.,17.220754456429));
#2183=CARTESIAN_POINT('',(39.6611618011825,0.,21.8401521189855));
#2184=CARTESIAN_POINT('Origin',(33.82054248901,0.,19.4208883872254));
#2185=CARTESIAN_POINT('',(33.82054248901,0.,19.4208883872254));
#2186=CARTESIAN_POINT('',(39.6611618011825,0.,21.8401521189855));
#2187=CARTESIAN_POINT('',(33.82054248901,10.,19.4208883872254));
#2188=CARTESIAN_POINT('',(39.6611618011825,10.,21.8401521189855));
#2189=CARTESIAN_POINT('',(33.82054248901,0.,19.4208883872254));
#2190=CARTESIAN_POINT('Origin',(0.,0.,0.));
#2191=CARTESIAN_POINT('',(30.8851225682874,0.,23.814054756422));
#2192=CARTESIAN_POINT('Origin',(0.,0.,0.));
#2193=CARTESIAN_POINT('',(30.8851225682874,10.,23.814054756422));
#2194=CARTESIAN_POINT('Origin',(0.,10.,0.));
#2195=CARTESIAN_POINT('',(30.8851225682874,0.,23.814054756422));
#2196=CARTESIAN_POINT('Origin',(35.3553390593274,0.,28.2842712474619));
#2197=CARTESIAN_POINT('',(35.3553390593274,0.,28.2842712474619));
#2198=CARTESIAN_POINT('',(35.3553390593274,0.,28.2842712474619));
#2199=CARTESIAN_POINT('',(35.3553390593274,10.,28.2842712474619));
#2200=CARTESIAN_POINT('',(35.3553390593274,10.,28.2842712474619));
#2201=CARTESIAN_POINT('',(35.3553390593274,0.,28.2842712474619));
#2202=CARTESIAN_POINT('Origin',(28.2842712474619,0.,35.3553390593274));
#2203=CARTESIAN_POINT('',(28.2842712474619,0.,35.3553390593274));
#2204=CARTESIAN_POINT('',(31.8198051533946,0.,31.8198051533946));
#2205=CARTESIAN_POINT('',(28.2842712474619,10.,35.3553390593274));
#2206=CARTESIAN_POINT('',(31.8198051533946,10.,31.8198051533946));
#2207=CARTESIAN_POINT('',(28.2842712474619,0.,35.3553390593274));
#2208=CARTESIAN_POINT('Origin',(23.814054756422,0.,30.8851225682874));
#2209=CARTESIAN_POINT('',(23.8140547564219,0.,30.8851225682874));
#2210=CARTESIAN_POINT('',(28.2842712474619,0.,35.3553390593274));
#2211=CARTESIAN_POINT('',(23.8140547564219,10.,30.8851225682874));
#2212=CARTESIAN_POINT('',(28.2842712474619,10.,35.3553390593274));
#2213=CARTESIAN_POINT('',(23.8140547564219,0.,30.8851225682874));
#2214=CARTESIAN_POINT('Origin',(0.,0.,0.));
#2215=CARTESIAN_POINT('',(19.4208883872254,0.,33.82054248901));
#2216=CARTESIAN_POINT('Origin',(0.,0.,0.));
#2217=CARTESIAN_POINT('',(19.4208883872254,10.,33.82054248901));
#2218=CARTESIAN_POINT('Origin',(0.,10.,0.));
#2219=CARTESIAN_POINT('',(19.4208883872254,0.,33.82054248901));
#2220=CARTESIAN_POINT('Origin',(21.8401521189855,0.,39.6611618011825));
#2221=CARTESIAN_POINT('',(21.8401521189855,0.,39.6611618011825));
#2222=CARTESIAN_POINT('',(21.8401521189855,0.,39.6611618011825));
#2223=CARTESIAN_POINT('',(21.8401521189855,10.,39.6611618011825));
#2224=CARTESIAN_POINT('',(21.8401521189855,10.,39.6611618011825));
#2225=CARTESIAN_POINT('',(21.8401521189855,0.,39.6611618011825));
#2226=CARTESIAN_POINT('Origin',(12.6013567938726,0.,43.4879961248333));
#2227=CARTESIAN_POINT('',(17.220754456429,0.,41.5745789630079));
#2228=CARTESIAN_POINT('',(17.220754456429,10.,41.5745789630079));
#2229=CARTESIAN_POINT('Origin',(0.,10.,0.));
#2230=CARTESIAN_POINT('Origin',(0.,0.,0.));
#2231=UNCERTAINTY_MEASURE_WITH_UNIT(LENGTH_MEASURE(0.01),#2235,
'DISTANCE_ACCURACY_VALUE',
'Maximum model space distance between geometric entities at asserted c
onnectivities');
#2232=UNCERTAINTY_MEASURE_WITH_UNIT(LENGTH_MEASURE(0.01),#2235,
'DISTANCE_ACCURACY_VALUE',
'Maximum model space distance between geometric entities at asserted c
onnectivities');
#2233=(
GEOMETRIC_REPRESENTATION_CONTEXT(3)
GLOBAL_UNCERTAINTY_ASSIGNED_CONTEXT((#2231))
GLOBAL_UNIT_ASSIGNED_CONTEXT((#2235,#2237,#2238))
REPRESENTATION_CONTEXT('','3D')
);
#2234=(
GEOMETRIC_REPRESENTATION_CONTEXT(3)
GLOBAL_UNCERTAINTY_ASSIGNED_CONTEXT((#2232))
GLOBAL_UNIT_ASSIGNED_CONTEXT((#2235,#2237,#2238))
REPRESENTATION_CONTEXT('','3D')
);
#2235=(
LENGTH_UNIT()
NAMED_UNIT(*)
SI_UNIT(.MILLI.,.METRE.)
);
#2236=(
LENGTH_UNIT()
NAMED_UNIT(*)
SI_UNIT($,.METRE.)
);
#2237=(
NAMED_UNIT(*)
PLANE_ANGLE_UNIT()
SI_UNIT($,.RADIAN.)
);
#2238=(
NAMED_UNIT(*)
SI_UNIT($,.STERADIAN.)
SOLID_ANGLE_UNIT()
);
#2239=SHAPE_DEFINITION_REPRESENTATION(#2240,#2241);
#2240=PRODUCT_DEFINITION_SHAPE('',$,#2243);
#2241=SHAPE_REPRESENTATION('',(#1371),#2233);
#2242=PRODUCT_DEFINITION_CONTEXT('part definition',#2247,'design');
#2243=PRODUCT_DEFINITION('2026-10-06-22-01-51-755','exercise 9',#2244,#2242);
#2244=PRODUCT_DEFINITION_FORMATION('',$,#2249);
#2245=PRODUCT_RELATED_PRODUCT_CATEGORY('exercise 9','exercise 9',(#2249));
#2246=APPLICATION_PROTOCOL_DEFINITION('international standard',
'automotive_design',2009,#2247);
#2247=APPLICATION_CONTEXT(
'Core Data for Automotive Mechanical Design Process');
#2248=PRODUCT_CONTEXT('part definition',#2247,'mechanical');
#2249=PRODUCT('2026-10-06-22-01-51-755','exercise 9',$,(#2248));
#2250=PRESENTATION_STYLE_ASSIGNMENT((#2251));
#2251=SURFACE_STYLE_USAGE(.BOTH.,#2252);
#2252=SURFACE_SIDE_STYLE('',(#2253));
#2253=SURFACE_STYLE_FILL_AREA(#2254);
#2254=FILL_AREA_STYLE('Steel - Satin',(#2255));
#2255=FILL_AREA_STYLE_COLOUR('Steel - Satin',#2256);
#2256=COLOUR_RGB('Steel - Satin',0.627450980392157,0.627450980392157,0.627450980392157);
ENDSEC;
END-ISO-10303-21;
